methode,source,degradation,niveau,images,lues,correctes,rappel,precision,tempsMoyenMs
classique,synthetique,aucune,0,100,100,100,1.0,1.0,17.46
classique,synthetique,flou,1,100,92,92,0.92,1.0,20.0
classique,synthetique,flou,2,100,43,43,0.43,1.0,20.16
classique,synthetique,flou,3,100,20,20,0.2,1.0,20.02
classique,synthetique,occlusion,1,100,92,92,0.92,1.0,19.13
classique,synthetique,occlusion,2,100,72,72,0.72,1.0,19.12
classique,synthetique,occlusion,3,100,4,4,0.04,1.0,19.14
classique,synthetique,toutes,0,700,423,423,0.6043,1.0,19.29
deep_learning,synthetique,aucune,0,100,100,100,1.0,1.0,120.18
deep_learning,synthetique,flou,1,100,93,93,0.93,1.0,109.56
deep_learning,synthetique,flou,2,100,36,36,0.36,1.0,118.62
deep_learning,synthetique,flou,3,100,15,15,0.15,1.0,115.25
deep_learning,synthetique,occlusion,1,100,88,88,0.88,1.0,111.76
deep_learning,synthetique,occlusion,2,100,59,59,0.59,1.0,110.01
deep_learning,synthetique,occlusion,3,100,2,2,0.02,1.0,109.94
deep_learning,synthetique,toutes,0,700,393,393,0.5614,1.0,113.62
hybride,synthetique,aucune,0,100,100,100,1.0,1.0,22.05
hybride,synthetique,flou,1,100,93,93,0.93,1.0,43.24
hybride,synthetique,flou,2,100,46,46,0.46,1.0,92.14
hybride,synthetique,flou,3,100,26,26,0.26,1.0,118.02
hybride,synthetique,occlusion,1,100,94,94,0.94,1.0,41.25
hybride,synthetique,occlusion,2,100,73,73,0.73,1.0,61.64
hybride,synthetique,occlusion,3,100,4,4,0.04,1.0,135.07
hybride,synthetique,toutes,0,700,436,436,0.6229,1.0,73.34
