fichier,degradation,niveau,attendu,lu,correct,tempsMs
propres/24P7NWVJQSYX.png,aucune,0,(01)03760000001038(17)280630(10)JD-003(21)24P7NWVJQSYX,(01)03760000001038(17)280630(10)JD-003(21)24P7NWVJQSYX,1,85.29
propres/273ZQTW7PBNS.png,aucune,0,(01)03760000001021(17)280630(10)JD-002(21)273ZQTW7PBNS,(01)03760000001021(17)280630(10)JD-002(21)273ZQTW7PBNS,1,95.58
propres/44VBUM847WY8.png,aucune,0,(01)03760000001021(17)280630(10)JD-002(21)44VBUM847WY8,(01)03760000001021(17)280630(10)JD-002(21)44VBUM847WY8,1,91.32
propres/47Z4RKFRXWGN.png,aucune,0,(01)03760000001038(17)280630(10)JD-003(21)47Z4RKFRXWGN,(01)03760000001038(17)280630(10)JD-003(21)47Z4RKFRXWGN,1,91.98
propres/4PYHFWDCS98N.png,aucune,0,(01)03760000001045(17)280630(10)JD-004(21)4PYHFWDCS98N,(01)03760000001045(17)280630(10)JD-004(21)4PYHFWDCS98N,1,95.96
propres/4ZUG8PC7F2DQ.png,aucune,0,(01)03760000001038(17)280630(10)JD-003(21)4ZUG8PC7F2DQ,(01)03760000001038(17)280630(10)JD-003(21)4ZUG8PC7F2DQ,1,96.78
propres/54JRS6SF2HM2.png,aucune,0,(01)03760000001021(17)280630(10)JD-002(21)54JRS6SF2HM2,(01)03760000001021(17)280630(10)JD-002(21)54JRS6SF2HM2,1,95.18
propres/59F6Q6UDCNZJ.png,aucune,0,(01)03760000001038(17)280630(10)JD-003(21)59F6Q6UDCNZJ,(01)03760000001038(17)280630(10)JD-003(21)59F6Q6UDCNZJ,1,98.59
propres/5DSN8SK9VW9C.png,aucune,0,(01)03760000001014(17)280630(10)JD-001(21)5DSN8SK9VW9C,(01)03760000001014(17)280630(10)JD-001(21)5DSN8SK9VW9C,1,100.58
propres/5K647N99HV29.png,aucune,0,(01)03760000001021(17)280630(10)JD-002(21)5K647N99HV29,(01)03760000001021(17)280630(10)JD-002(21)5K647N99HV29,1,129.52
propres/5SDT2XUTBUTJ.png,aucune,0,(01)03760000001045(17)280630(10)JD-004(21)5SDT2XUTBUTJ,(01)03760000001045(17)280630(10)JD-004(21)5SDT2XUTBUTJ,1,159.25
propres/5WST9SDRBM7H.png,aucune,0,(01)03760000001014(17)280630(10)JD-001(21)5WST9SDRBM7H,(01)03760000001014(17)280630(10)JD-001(21)5WST9SDRBM7H,1,170.65
propres/62XE5E9T8WS3.png,aucune,0,(01)03760000001038(17)280630(10)JD-003(21)62XE5E9T8WS3,(01)03760000001038(17)280630(10)JD-003(21)62XE5E9T8WS3,1,113.29
propres/67B85JRMC752.png,aucune,0,(01)03760000001021(17)280630(10)JD-002(21)67B85JRMC752,(01)03760000001021(17)280630(10)JD-002(21)67B85JRMC752,1,120.06
propres/6FFVWQE9FPF4.png,aucune,0,(01)03760000001014(17)280630(10)JD-001(21)6FFVWQE9FPF4,(01)03760000001014(17)280630(10)JD-001(21)6FFVWQE9FPF4,1,118.57
propres/6M39XNCN9CBX.png,aucune,0,(01)03760000001014(17)280630(10)JD-001(21)6M39XNCN9CBX,(01)03760000001014(17)280630(10)JD-001(21)6M39XNCN9CBX,1,112.6
propres/6PJS7JW9JXZ3.png,aucune,0,(01)03760000001045(17)280630(10)JD-004(21)6PJS7JW9JXZ3,(01)03760000001045(17)280630(10)JD-004(21)6PJS7JW9JXZ3,1,110.9
propres/6SA8B95VKUSZ.png,aucune,0,(01)03760000001038(17)280630(10)JD-003(21)6SA8B95VKUSZ,(01)03760000001038(17)280630(10)JD-003(21)6SA8B95VKUSZ,1,123.77
propres/7286S9BXWRUA.png,aucune,0,(01)03760000001021(17)280630(10)JD-002(21)7286S9BXWRUA,(01)03760000001021(17)280630(10)JD-002(21)7286S9BXWRUA,1,125.46
propres/7348WR7PD5RW.png,aucune,0,(01)03760000001021(17)280630(10)JD-002(21)7348WR7PD5RW,(01)03760000001021(17)280630(10)JD-002(21)7348WR7PD5RW,1,114.41
propres/7DA7QD4PBY7W.png,aucune,0,(01)03760000001014(17)280630(10)JD-001(21)7DA7QD4PBY7W,(01)03760000001014(17)280630(10)JD-001(21)7DA7QD4PBY7W,1,161.85
propres/7WDEGGKNADCF.png,aucune,0,(01)03760000001021(17)280630(10)JD-002(21)7WDEGGKNADCF,(01)03760000001021(17)280630(10)JD-002(21)7WDEGGKNADCF,1,182.75
propres/7WJ3T5YX683X.png,aucune,0,(01)03760000001014(17)280630(10)JD-001(21)7WJ3T5YX683X,(01)03760000001014(17)280630(10)JD-001(21)7WJ3T5YX683X,1,112.19
propres/87Q4GGZ9PC34.png,aucune,0,(01)03760000001014(17)280630(10)JD-001(21)87Q4GGZ9PC34,(01)03760000001014(17)280630(10)JD-001(21)87Q4GGZ9PC34,1,112.56
propres/9FWWBGMGJEDJ.png,aucune,0,(01)03760000001038(17)280630(10)JD-003(21)9FWWBGMGJEDJ,(01)03760000001038(17)280630(10)JD-003(21)9FWWBGMGJEDJ,1,122.86
propres/9RFVUR2XJUG7.png,aucune,0,(01)03760000001038(17)280630(10)JD-003(21)9RFVUR2XJUG7,(01)03760000001038(17)280630(10)JD-003(21)9RFVUR2XJUG7,1,164.02
propres/9SDKR85UG4YX.png,aucune,0,(01)03760000001038(17)280630(10)JD-003(21)9SDKR85UG4YX,(01)03760000001038(17)280630(10)JD-003(21)9SDKR85UG4YX,1,146.89
propres/A4WV3V7CNZF5.png,aucune,0,(01)03760000001021(17)280630(10)JD-002(21)A4WV3V7CNZF5,(01)03760000001021(17)280630(10)JD-002(21)A4WV3V7CNZF5,1,183.44
propres/AX9DY6DWCU6A.png,aucune,0,(01)03760000001045(17)280630(10)JD-004(21)AX9DY6DWCU6A,(01)03760000001045(17)280630(10)JD-004(21)AX9DY6DWCU6A,1,119.58
propres/B22BUXF7NPSD.png,aucune,0,(01)03760000001021(17)280630(10)JD-002(21)B22BUXF7NPSD,(01)03760000001021(17)280630(10)JD-002(21)B22BUXF7NPSD,1,134.04
propres/B45TWQRYGWZ3.png,aucune,0,(01)03760000001014(17)280630(10)JD-001(21)B45TWQRYGWZ3,(01)03760000001014(17)280630(10)JD-001(21)B45TWQRYGWZ3,1,205.57
propres/BSZAJXR9ZP6M.png,aucune,0,(01)03760000001014(17)280630(10)JD-001(21)BSZAJXR9ZP6M,(01)03760000001014(17)280630(10)JD-001(21)BSZAJXR9ZP6M,1,120.72
propres/BYMVU78WJK4N.png,aucune,0,(01)03760000001045(17)280630(10)JD-004(21)BYMVU78WJK4N,(01)03760000001045(17)280630(10)JD-004(21)BYMVU78WJK4N,1,118.47
propres/CAU4D9NCJGDS.png,aucune,0,(01)03760000001038(17)280630(10)JD-003(21)CAU4D9NCJGDS,(01)03760000001038(17)280630(10)JD-003(21)CAU4D9NCJGDS,1,117.23
propres/CBV4W4999GA2.png,aucune,0,(01)03760000001038(17)280630(10)JD-003(21)CBV4W4999GA2,(01)03760000001038(17)280630(10)JD-003(21)CBV4W4999GA2,1,104.71
propres/CCCVXFKDCGKN.png,aucune,0,(01)03760000001038(17)280630(10)JD-003(21)CCCVXFKDCGKN,(01)03760000001038(17)280630(10)JD-003(21)CCCVXFKDCGKN,1,134.58
propres/CFJKTJ93C33J.png,aucune,0,(01)03760000001045(17)280630(10)JD-004(21)CFJKTJ93C33J,(01)03760000001045(17)280630(10)JD-004(21)CFJKTJ93C33J,1,102.8
propres/CXGGG6QJ4HP8.png,aucune,0,(01)03760000001021(17)280630(10)JD-002(21)CXGGG6QJ4HP8,(01)03760000001021(17)280630(10)JD-002(21)CXGGG6QJ4HP8,1,109.65
propres/DDTC76YYH86B.png,aucune,0,(01)03760000001014(17)280630(10)JD-001(21)DDTC76YYH86B,(01)03760000001014(17)280630(10)JD-001(21)DDTC76YYH86B,1,104.93
propres/DUYA58ATYFNA.png,aucune,0,(01)03760000001045(17)280630(10)JD-004(21)DUYA58ATYFNA,(01)03760000001045(17)280630(10)JD-004(21)DUYA58ATYFNA,1,112.06
propres/DVY9Y3D5Y9H9.png,aucune,0,(01)03760000001045(17)280630(10)JD-004(21)DVY9Y3D5Y9H9,(01)03760000001045(17)280630(10)JD-004(21)DVY9Y3D5Y9H9,1,192.02
propres/E2VC7KN5WYSE.png,aucune,0,(01)03760000001038(17)280630(10)JD-003(21)E2VC7KN5WYSE,(01)03760000001038(17)280630(10)JD-003(21)E2VC7KN5WYSE,1,118.11
propres/FJYM8CXPNDN3.png,aucune,0,(01)03760000001038(17)280630(10)JD-003(21)FJYM8CXPNDN3,(01)03760000001038(17)280630(10)JD-003(21)FJYM8CXPNDN3,1,102.95
propres/GAZSGFJYV4R9.png,aucune,0,(01)03760000001021(17)280630(10)JD-002(21)GAZSGFJYV4R9,(01)03760000001021(17)280630(10)JD-002(21)GAZSGFJYV4R9,1,104.83
propres/GEWG4F7P34C2.png,aucune,0,(01)03760000001045(17)280630(10)JD-004(21)GEWG4F7P34C2,(01)03760000001045(17)280630(10)JD-004(21)GEWG4F7P34C2,1,100.16
propres/GG6NW7WVPK8U.png,aucune,0,(01)03760000001038(17)280630(10)JD-003(21)GG6NW7WVPK8U,(01)03760000001038(17)280630(10)JD-003(21)GG6NW7WVPK8U,1,122.81
propres/GK6AUJ3FNB2A.png,aucune,0,(01)03760000001014(17)280630(10)JD-001(21)GK6AUJ3FNB2A,(01)03760000001014(17)280630(10)JD-001(21)GK6AUJ3FNB2A,1,129.37
propres/GN53K2KR29EQ.png,aucune,0,(01)03760000001014(17)280630(10)JD-001(21)GN53K2KR29EQ,(01)03760000001014(17)280630(10)JD-001(21)GN53K2KR29EQ,1,107.45
propres/GNJP32BC6A27.png,aucune,0,(01)03760000001014(17)280630(10)JD-001(21)GNJP32BC6A27,(01)03760000001014(17)280630(10)JD-001(21)GNJP32BC6A27,1,100.57
propres/GSG77HV5P9YC.png,aucune,0,(01)03760000001014(17)280630(10)JD-001(21)GSG77HV5P9YC,(01)03760000001014(17)280630(10)JD-001(21)GSG77HV5P9YC,1,107.39
propres/GZEVRQX6C53B.png,aucune,0,(01)03760000001038(17)280630(10)JD-003(21)GZEVRQX6C53B,(01)03760000001038(17)280630(10)JD-003(21)GZEVRQX6C53B,1,118.6
propres/H5GSTVP6AHZJ.png,aucune,0,(01)03760000001021(17)280630(10)JD-002(21)H5GSTVP6AHZJ,(01)03760000001021(17)280630(10)JD-002(21)H5GSTVP6AHZJ,1,156.06
propres/H96SG6WPHHGF.png,aucune,0,(01)03760000001038(17)280630(10)JD-003(21)H96SG6WPHHGF,(01)03760000001038(17)280630(10)JD-003(21)H96SG6WPHHGF,1,111.71
propres/HM2DT6QHGQTG.png,aucune,0,(01)03760000001021(17)280630(10)JD-002(21)HM2DT6QHGQTG,(01)03760000001021(17)280630(10)JD-002(21)HM2DT6QHGQTG,1,106.64
propres/HX57EJ35CSE2.png,aucune,0,(01)03760000001021(17)280630(10)JD-002(21)HX57EJ35CSE2,(01)03760000001021(17)280630(10)JD-002(21)HX57EJ35CSE2,1,109.19
propres/J65EVVKE9M8G.png,aucune,0,(01)03760000001014(17)280630(10)JD-001(21)J65EVVKE9M8G,(01)03760000001014(17)280630(10)JD-001(21)J65EVVKE9M8G,1,104.24
propres/J67PB2DDCXDR.png,aucune,0,(01)03760000001045(17)280630(10)JD-004(21)J67PB2DDCXDR,(01)03760000001045(17)280630(10)JD-004(21)J67PB2DDCXDR,1,99.66
propres/JAWD8EZPEMPH.png,aucune,0,(01)03760000001021(17)280630(10)JD-002(21)JAWD8EZPEMPH,(01)03760000001021(17)280630(10)JD-002(21)JAWD8EZPEMPH,1,105.17
propres/JKVH5WPWFPFA.png,aucune,0,(01)03760000001014(17)280630(10)JD-001(21)JKVH5WPWFPFA,(01)03760000001014(17)280630(10)JD-001(21)JKVH5WPWFPFA,1,105.1
propres/JWN3KT2TG4ZE.png,aucune,0,(01)03760000001021(17)280630(10)JD-002(21)JWN3KT2TG4ZE,(01)03760000001021(17)280630(10)JD-002(21)JWN3KT2TG4ZE,1,104.9
propres/JWYR4HHMJYST.png,aucune,0,(01)03760000001014(17)280630(10)JD-001(21)JWYR4HHMJYST,(01)03760000001014(17)280630(10)JD-001(21)JWYR4HHMJYST,1,104.87
propres/K5E268PN66YY.png,aucune,0,(01)03760000001038(17)280630(10)JD-003(21)K5E268PN66YY,(01)03760000001038(17)280630(10)JD-003(21)K5E268PN66YY,1,107.25
propres/KDEPAJE8NQ59.png,aucune,0,(01)03760000001014(17)280630(10)JD-001(21)KDEPAJE8NQ59,(01)03760000001014(17)280630(10)JD-001(21)KDEPAJE8NQ59,1,148.08
propres/KHK2VWW7KZ4H.png,aucune,0,(01)03760000001045(17)280630(10)JD-004(21)KHK2VWW7KZ4H,(01)03760000001045(17)280630(10)JD-004(21)KHK2VWW7KZ4H,1,158.88
propres/KKX5JW6UFGYW.png,aucune,0,(01)03760000001014(17)280630(10)JD-001(21)KKX5JW6UFGYW,(01)03760000001014(17)280630(10)JD-001(21)KKX5JW6UFGYW,1,115.74
propres/KNSP8ZB63PQ7.png,aucune,0,(01)03760000001045(17)280630(10)JD-004(21)KNSP8ZB63PQ7,(01)03760000001045(17)280630(10)JD-004(21)KNSP8ZB63PQ7,1,137.45
propres/KWTW49SRYPSQ.png,aucune,0,(01)03760000001045(17)280630(10)JD-004(21)KWTW49SRYPSQ,(01)03760000001045(17)280630(10)JD-004(21)KWTW49SRYPSQ,1,129.54
propres/KZPA2E624F39.png,aucune,0,(01)03760000001038(17)280630(10)JD-003(21)KZPA2E624F39,(01)03760000001038(17)280630(10)JD-003(21)KZPA2E624F39,1,113.71
propres/M5WGQJAJAQS5.png,aucune,0,(01)03760000001014(17)280630(10)JD-001(21)M5WGQJAJAQS5,(01)03760000001014(17)280630(10)JD-001(21)M5WGQJAJAQS5,1,115.21
propres/MYN3Z6KWTR55.png,aucune,0,(01)03760000001014(17)280630(10)JD-001(21)MYN3Z6KWTR55,(01)03760000001014(17)280630(10)JD-001(21)MYN3Z6KWTR55,1,152.97
propres/N4ZK3NTTHQVZ.png,aucune,0,(01)03760000001021(17)280630(10)JD-002(21)N4ZK3NTTHQVZ,(01)03760000001021(17)280630(10)JD-002(21)N4ZK3NTTHQVZ,1,110.04
propres/NZ5XXFEBQVWQ.png,aucune,0,(01)03760000001045(17)280630(10)JD-004(21)NZ5XXFEBQVWQ,(01)03760000001045(17)280630(10)JD-004(21)NZ5XXFEBQVWQ,1,117.22
propres/P563G27CHA3T.png,aucune,0,(01)03760000001045(17)280630(10)JD-004(21)P563G27CHA3T,(01)03760000001045(17)280630(10)JD-004(21)P563G27CHA3T,1,147.99
propres/Q2K5G9UFZRUQ.png,aucune,0,(01)03760000001045(17)280630(10)JD-004(21)Q2K5G9UFZRUQ,(01)03760000001045(17)280630(10)JD-004(21)Q2K5G9UFZRUQ,1,133.44
propres/QQ8WP67NYAE9.png,aucune,0,(01)03760000001045(17)280630(10)JD-004(21)QQ8WP67NYAE9,(01)03760000001045(17)280630(10)JD-004(21)QQ8WP67NYAE9,1,107.54
propres/QXWQJHNVBCEF.png,aucune,0,(01)03760000001038(17)280630(10)JD-003(21)QXWQJHNVBCEF,(01)03760000001038(17)280630(10)JD-003(21)QXWQJHNVBCEF,1,102.64
propres/R2BTMTRDB8K5.png,aucune,0,(01)03760000001045(17)280630(10)JD-004(21)R2BTMTRDB8K5,(01)03760000001045(17)280630(10)JD-004(21)R2BTMTRDB8K5,1,100.12
propres/SEU4AGGCGF9T.png,aucune,0,(01)03760000001021(17)280630(10)JD-002(21)SEU4AGGCGF9T,(01)03760000001021(17)280630(10)JD-002(21)SEU4AGGCGF9T,1,102.21
propres/SGWJ2ZM59SG9.png,aucune,0,(01)03760000001021(17)280630(10)JD-002(21)SGWJ2ZM59SG9,(01)03760000001021(17)280630(10)JD-002(21)SGWJ2ZM59SG9,1,101.95
propres/SRM7GEJZ9WVD.png,aucune,0,(01)03760000001021(17)280630(10)JD-002(21)SRM7GEJZ9WVD,(01)03760000001021(17)280630(10)JD-002(21)SRM7GEJZ9WVD,1,98.38
propres/T8VEWN34PKXQ.png,aucune,0,(01)03760000001014(17)280630(10)JD-001(21)T8VEWN34PKXQ,(01)03760000001014(17)280630(10)JD-001(21)T8VEWN34PKXQ,1,103.59
propres/TCHDUCEHM3UZ.png,aucune,0,(01)03760000001021(17)280630(10)JD-002(21)TCHDUCEHM3UZ,(01)03760000001021(17)280630(10)JD-002(21)TCHDUCEHM3UZ,1,105.67
propres/TWPZYC99YZFU.png,aucune,0,(01)03760000001045(17)280630(10)JD-004(21)TWPZYC99YZFU,(01)03760000001045(17)280630(10)JD-004(21)TWPZYC99YZFU,1,110.51
propres/U5VG3UQUYG39.png,aucune,0,(01)03760000001014(17)280630(10)JD-001(21)U5VG3UQUYG39,(01)03760000001014(17)280630(10)JD-001(21)U5VG3UQUYG39,1,139.88
propres/V6UZCQZJ8J9D.png,aucune,0,(01)03760000001021(17)280630(10)JD-002(21)V6UZCQZJ8J9D,(01)03760000001021(17)280630(10)JD-002(21)V6UZCQZJ8J9D,1,160.45
propres/VGJZTGF24JT8.png,aucune,0,(01)03760000001045(17)280630(10)JD-004(21)VGJZTGF24JT8,(01)03760000001045(17)280630(10)JD-004(21)VGJZTGF24JT8,1,123.83
propres/WANUJWZPKFSZ.png,aucune,0,(01)03760000001045(17)280630(10)JD-004(21)WANUJWZPKFSZ,(01)03760000001045(17)280630(10)JD-004(21)WANUJWZPKFSZ,1,104.97
propres/WGWDQBDB3S4B.png,aucune,0,(01)03760000001021(17)280630(10)JD-002(21)WGWDQBDB3S4B,(01)03760000001021(17)280630(10)JD-002(21)WGWDQBDB3S4B,1,104.79
propres/X42GVSWJMYTF.png,aucune,0,(01)03760000001038(17)280630(10)JD-003(21)X42GVSWJMYTF,(01)03760000001038(17)280630(10)JD-003(21)X42GVSWJMYTF,1,97.19
propres/X5XH6MC35VU6.png,aucune,0,(01)03760000001038(17)280630(10)JD-003(21)X5XH6MC35VU6,(01)03760000001038(17)280630(10)JD-003(21)X5XH6MC35VU6,1,102.75
propres/X8N7AP8MGDA5.png,aucune,0,(01)03760000001045(17)280630(10)JD-004(21)X8N7AP8MGDA5,(01)03760000001045(17)280630(10)JD-004(21)X8N7AP8MGDA5,1,99.62
propres/XAD8P577VQYB.png,aucune,0,(01)03760000001038(17)280630(10)JD-003(21)XAD8P577VQYB,(01)03760000001038(17)280630(10)JD-003(21)XAD8P577VQYB,1,131.68
propres/XZZPNRVGURYZ.png,aucune,0,(01)03760000001045(17)280630(10)JD-004(21)XZZPNRVGURYZ,(01)03760000001045(17)280630(10)JD-004(21)XZZPNRVGURYZ,1,133.97
propres/YEU3QGNJZNU2.png,aucune,0,(01)03760000001045(17)280630(10)JD-004(21)YEU3QGNJZNU2,(01)03760000001045(17)280630(10)JD-004(21)YEU3QGNJZNU2,1,118.55
propres/YFMPEXF37RB5.png,aucune,0,(01)03760000001038(17)280630(10)JD-003(21)YFMPEXF37RB5,(01)03760000001038(17)280630(10)JD-003(21)YFMPEXF37RB5,1,186.57
propres/YNXJ5BVB54E6.png,aucune,0,(01)03760000001014(17)280630(10)JD-001(21)YNXJ5BVB54E6,(01)03760000001014(17)280630(10)JD-001(21)YNXJ5BVB54E6,1,139.27
propres/Z8M8BY6DAC87.png,aucune,0,(01)03760000001021(17)280630(10)JD-002(21)Z8M8BY6DAC87,(01)03760000001021(17)280630(10)JD-002(21)Z8M8BY6DAC87,1,112.1
propres/ZA2Y3GYAE4CP.png,aucune,0,(01)03760000001014(17)280630(10)JD-001(21)ZA2Y3GYAE4CP,(01)03760000001014(17)280630(10)JD-001(21)ZA2Y3GYAE4CP,1,110.62
propres/ZCSR2B2WDEXS.png,aucune,0,(01)03760000001045(17)280630(10)JD-004(21)ZCSR2B2WDEXS,(01)03760000001045(17)280630(10)JD-004(21)ZCSR2B2WDEXS,1,100.82
propres/ZX9TNQM4FMJA.png,aucune,0,(01)03760000001038(17)280630(10)JD-003(21)ZX9TNQM4FMJA,(01)03760000001038(17)280630(10)JD-003(21)ZX9TNQM4FMJA,1,98.15
degradees/24P7NWVJQSYX_flou1.png,flou,1,(01)03760000001038(17)280630(10)JD-003(21)24P7NWVJQSYX,(01)03760000001038(17)280630(10)JD-003(21)24P7NWVJQSYX,1,100.25
degradees/24P7NWVJQSYX_flou2.png,flou,2,(01)03760000001038(17)280630(10)JD-003(21)24P7NWVJQSYX,,0,98.19
degradees/24P7NWVJQSYX_flou3.png,flou,3,(01)03760000001038(17)280630(10)JD-003(21)24P7NWVJQSYX,,0,101.09
degradees/24P7NWVJQSYX_occlusion1.png,occlusion,1,(01)03760000001038(17)280630(10)JD-003(21)24P7NWVJQSYX,,0,144.34
degradees/24P7NWVJQSYX_occlusion2.png,occlusion,2,(01)03760000001038(17)280630(10)JD-003(21)24P7NWVJQSYX,(01)03760000001038(17)280630(10)JD-003(21)24P7NWVJQSYX,1,150.3
degradees/24P7NWVJQSYX_occlusion3.png,occlusion,3,(01)03760000001038(17)280630(10)JD-003(21)24P7NWVJQSYX,,0,197.6
degradees/273ZQTW7PBNS_flou1.png,flou,1,(01)03760000001021(17)280630(10)JD-002(21)273ZQTW7PBNS,(01)03760000001021(17)280630(10)JD-002(21)273ZQTW7PBNS,1,112.11
degradees/273ZQTW7PBNS_flou2.png,flou,2,(01)03760000001021(17)280630(10)JD-002(21)273ZQTW7PBNS,,0,112.21
degradees/273ZQTW7PBNS_flou3.png,flou,3,(01)03760000001021(17)280630(10)JD-002(21)273ZQTW7PBNS,,0,102.44
degradees/273ZQTW7PBNS_occlusion1.png,occlusion,1,(01)03760000001021(17)280630(10)JD-002(21)273ZQTW7PBNS,(01)03760000001021(17)280630(10)JD-002(21)273ZQTW7PBNS,1,97.25
degradees/273ZQTW7PBNS_occlusion2.png,occlusion,2,(01)03760000001021(17)280630(10)JD-002(21)273ZQTW7PBNS,,0,97.78
degradees/273ZQTW7PBNS_occlusion3.png,occlusion,3,(01)03760000001021(17)280630(10)JD-002(21)273ZQTW7PBNS,,0,102.45
degradees/44VBUM847WY8_flou1.png,flou,1,(01)03760000001021(17)280630(10)JD-002(21)44VBUM847WY8,,0,101.03
degradees/44VBUM847WY8_flou2.png,flou,2,(01)03760000001021(17)280630(10)JD-002(21)44VBUM847WY8,,0,118.1
degradees/44VBUM847WY8_flou3.png,flou,3,(01)03760000001021(17)280630(10)JD-002(21)44VBUM847WY8,,0,105.25
degradees/44VBUM847WY8_occlusion1.png,occlusion,1,(01)03760000001021(17)280630(10)JD-002(21)44VBUM847WY8,(01)03760000001021(17)280630(10)JD-002(21)44VBUM847WY8,1,380.62
degradees/44VBUM847WY8_occlusion2.png,occlusion,2,(01)03760000001021(17)280630(10)JD-002(21)44VBUM847WY8,(01)03760000001021(17)280630(10)JD-002(21)44VBUM847WY8,1,156.06
degradees/44VBUM847WY8_occlusion3.png,occlusion,3,(01)03760000001021(17)280630(10)JD-002(21)44VBUM847WY8,,0,133.72
degradees/47Z4RKFRXWGN_flou1.png,flou,1,(01)03760000001038(17)280630(10)JD-003(21)47Z4RKFRXWGN,(01)03760000001038(17)280630(10)JD-003(21)47Z4RKFRXWGN,1,104.17
degradees/47Z4RKFRXWGN_flou2.png,flou,2,(01)03760000001038(17)280630(10)JD-003(21)47Z4RKFRXWGN,,0,105.21
degradees/47Z4RKFRXWGN_flou3.png,flou,3,(01)03760000001038(17)280630(10)JD-003(21)47Z4RKFRXWGN,,0,102.17
degradees/47Z4RKFRXWGN_occlusion1.png,occlusion,1,(01)03760000001038(17)280630(10)JD-003(21)47Z4RKFRXWGN,(01)03760000001038(17)280630(10)JD-003(21)47Z4RKFRXWGN,1,100.73
degradees/47Z4RKFRXWGN_occlusion2.png,occlusion,2,(01)03760000001038(17)280630(10)JD-003(21)47Z4RKFRXWGN,,0,118.54
degradees/47Z4RKFRXWGN_occlusion3.png,occlusion,3,(01)03760000001038(17)280630(10)JD-003(21)47Z4RKFRXWGN,,0,110.54
degradees/4PYHFWDCS98N_flou1.png,flou,1,(01)03760000001045(17)280630(10)JD-004(21)4PYHFWDCS98N,(01)03760000001045(17)280630(10)JD-004(21)4PYHFWDCS98N,1,101.4
degradees/4PYHFWDCS98N_flou2.png,flou,2,(01)03760000001045(17)280630(10)JD-004(21)4PYHFWDCS98N,,0,141.87
degradees/4PYHFWDCS98N_flou3.png,flou,3,(01)03760000001045(17)280630(10)JD-004(21)4PYHFWDCS98N,,0,150.91
degradees/4PYHFWDCS98N_occlusion1.png,occlusion,1,(01)03760000001045(17)280630(10)JD-004(21)4PYHFWDCS98N,(01)03760000001045(17)280630(10)JD-004(21)4PYHFWDCS98N,1,103.63
degradees/4PYHFWDCS98N_occlusion2.png,occlusion,2,(01)03760000001045(17)280630(10)JD-004(21)4PYHFWDCS98N,,0,98.97
degradees/4PYHFWDCS98N_occlusion3.png,occlusion,3,(01)03760000001045(17)280630(10)JD-004(21)4PYHFWDCS98N,,0,101.72
degradees/4ZUG8PC7F2DQ_flou1.png,flou,1,(01)03760000001038(17)280630(10)JD-003(21)4ZUG8PC7F2DQ,(01)03760000001038(17)280630(10)JD-003(21)4ZUG8PC7F2DQ,1,99.32
degradees/4ZUG8PC7F2DQ_flou2.png,flou,2,(01)03760000001038(17)280630(10)JD-003(21)4ZUG8PC7F2DQ,,0,100.08
degradees/4ZUG8PC7F2DQ_flou3.png,flou,3,(01)03760000001038(17)280630(10)JD-003(21)4ZUG8PC7F2DQ,,0,101.81
degradees/4ZUG8PC7F2DQ_occlusion1.png,occlusion,1,(01)03760000001038(17)280630(10)JD-003(21)4ZUG8PC7F2DQ,(01)03760000001038(17)280630(10)JD-003(21)4ZUG8PC7F2DQ,1,96.9
degradees/4ZUG8PC7F2DQ_occlusion2.png,occlusion,2,(01)03760000001038(17)280630(10)JD-003(21)4ZUG8PC7F2DQ,,0,97.81
degradees/4ZUG8PC7F2DQ_occlusion3.png,occlusion,3,(01)03760000001038(17)280630(10)JD-003(21)4ZUG8PC7F2DQ,,0,106.38
degradees/54JRS6SF2HM2_flou1.png,flou,1,(01)03760000001021(17)280630(10)JD-002(21)54JRS6SF2HM2,,0,98.05
degradees/54JRS6SF2HM2_flou2.png,flou,2,(01)03760000001021(17)280630(10)JD-002(21)54JRS6SF2HM2,,0,144.33
degradees/54JRS6SF2HM2_flou3.png,flou,3,(01)03760000001021(17)280630(10)JD-002(21)54JRS6SF2HM2,,0,127.49
degradees/54JRS6SF2HM2_occlusion1.png,occlusion,1,(01)03760000001021(17)280630(10)JD-002(21)54JRS6SF2HM2,(01)03760000001021(17)280630(10)JD-002(21)54JRS6SF2HM2,1,102.64
degradees/54JRS6SF2HM2_occlusion2.png,occlusion,2,(01)03760000001021(17)280630(10)JD-002(21)54JRS6SF2HM2,(01)03760000001021(17)280630(10)JD-002(21)54JRS6SF2HM2,1,99.36
degradees/54JRS6SF2HM2_occlusion3.png,occlusion,3,(01)03760000001021(17)280630(10)JD-002(21)54JRS6SF2HM2,,0,96.08
degradees/59F6Q6UDCNZJ_flou1.png,flou,1,(01)03760000001038(17)280630(10)JD-003(21)59F6Q6UDCNZJ,(01)03760000001038(17)280630(10)JD-003(21)59F6Q6UDCNZJ,1,100.47
degradees/59F6Q6UDCNZJ_flou2.png,flou,2,(01)03760000001038(17)280630(10)JD-003(21)59F6Q6UDCNZJ,,0,105.44
degradees/59F6Q6UDCNZJ_flou3.png,flou,3,(01)03760000001038(17)280630(10)JD-003(21)59F6Q6UDCNZJ,,0,117.85
degradees/59F6Q6UDCNZJ_occlusion1.png,occlusion,1,(01)03760000001038(17)280630(10)JD-003(21)59F6Q6UDCNZJ,,0,107.83
degradees/59F6Q6UDCNZJ_occlusion2.png,occlusion,2,(01)03760000001038(17)280630(10)JD-003(21)59F6Q6UDCNZJ,(01)03760000001038(17)280630(10)JD-003(21)59F6Q6UDCNZJ,1,106.17
degradees/59F6Q6UDCNZJ_occlusion3.png,occlusion,3,(01)03760000001038(17)280630(10)JD-003(21)59F6Q6UDCNZJ,,0,101.56
degradees/5DSN8SK9VW9C_flou1.png,flou,1,(01)03760000001014(17)280630(10)JD-001(21)5DSN8SK9VW9C,(01)03760000001014(17)280630(10)JD-001(21)5DSN8SK9VW9C,1,125.16
degradees/5DSN8SK9VW9C_flou2.png,flou,2,(01)03760000001014(17)280630(10)JD-001(21)5DSN8SK9VW9C,,0,150.35
degradees/5DSN8SK9VW9C_flou3.png,flou,3,(01)03760000001014(17)280630(10)JD-001(21)5DSN8SK9VW9C,,0,104.5
degradees/5DSN8SK9VW9C_occlusion1.png,occlusion,1,(01)03760000001014(17)280630(10)JD-001(21)5DSN8SK9VW9C,(01)03760000001014(17)280630(10)JD-001(21)5DSN8SK9VW9C,1,98.94
degradees/5DSN8SK9VW9C_occlusion2.png,occlusion,2,(01)03760000001014(17)280630(10)JD-001(21)5DSN8SK9VW9C,(01)03760000001014(17)280630(10)JD-001(21)5DSN8SK9VW9C,1,98.77
degradees/5DSN8SK9VW9C_occlusion3.png,occlusion,3,(01)03760000001014(17)280630(10)JD-001(21)5DSN8SK9VW9C,,0,96.26
degradees/5K647N99HV29_flou1.png,flou,1,(01)03760000001021(17)280630(10)JD-002(21)5K647N99HV29,(01)03760000001021(17)280630(10)JD-002(21)5K647N99HV29,1,103.79
degradees/5K647N99HV29_flou2.png,flou,2,(01)03760000001021(17)280630(10)JD-002(21)5K647N99HV29,,0,104.07
degradees/5K647N99HV29_flou3.png,flou,3,(01)03760000001021(17)280630(10)JD-002(21)5K647N99HV29,,0,106.16
degradees/5K647N99HV29_occlusion1.png,occlusion,1,(01)03760000001021(17)280630(10)JD-002(21)5K647N99HV29,(01)03760000001021(17)280630(10)JD-002(21)5K647N99HV29,1,98.54
degradees/5K647N99HV29_occlusion2.png,occlusion,2,(01)03760000001021(17)280630(10)JD-002(21)5K647N99HV29,(01)03760000001021(17)280630(10)JD-002(21)5K647N99HV29,1,163.54
degradees/5K647N99HV29_occlusion3.png,occlusion,3,(01)03760000001021(17)280630(10)JD-002(21)5K647N99HV29,,0,125.34
degradees/5SDT2XUTBUTJ_flou1.png,flou,1,(01)03760000001045(17)280630(10)JD-004(21)5SDT2XUTBUTJ,(01)03760000001045(17)280630(10)JD-004(21)5SDT2XUTBUTJ,1,157.25
degradees/5SDT2XUTBUTJ_flou2.png,flou,2,(01)03760000001045(17)280630(10)JD-004(21)5SDT2XUTBUTJ,,0,106.17
degradees/5SDT2XUTBUTJ_flou3.png,flou,3,(01)03760000001045(17)280630(10)JD-004(21)5SDT2XUTBUTJ,,0,104.47
degradees/5SDT2XUTBUTJ_occlusion1.png,occlusion,1,(01)03760000001045(17)280630(10)JD-004(21)5SDT2XUTBUTJ,(01)03760000001045(17)280630(10)JD-004(21)5SDT2XUTBUTJ,1,103.25
degradees/5SDT2XUTBUTJ_occlusion2.png,occlusion,2,(01)03760000001045(17)280630(10)JD-004(21)5SDT2XUTBUTJ,(01)03760000001045(17)280630(10)JD-004(21)5SDT2XUTBUTJ,1,117.19
degradees/5SDT2XUTBUTJ_occlusion3.png,occlusion,3,(01)03760000001045(17)280630(10)JD-004(21)5SDT2XUTBUTJ,,0,106.61
degradees/5WST9SDRBM7H_flou1.png,flou,1,(01)03760000001014(17)280630(10)JD-001(21)5WST9SDRBM7H,(01)03760000001014(17)280630(10)JD-001(21)5WST9SDRBM7H,1,105.0
degradees/5WST9SDRBM7H_flou2.png,flou,2,(01)03760000001014(17)280630(10)JD-001(21)5WST9SDRBM7H,,0,103.52
degradees/5WST9SDRBM7H_flou3.png,flou,3,(01)03760000001014(17)280630(10)JD-001(21)5WST9SDRBM7H,,0,103.03
degradees/5WST9SDRBM7H_occlusion1.png,occlusion,1,(01)03760000001014(17)280630(10)JD-001(21)5WST9SDRBM7H,(01)03760000001014(17)280630(10)JD-001(21)5WST9SDRBM7H,1,93.16
degradees/5WST9SDRBM7H_occlusion2.png,occlusion,2,(01)03760000001014(17)280630(10)JD-001(21)5WST9SDRBM7H,(01)03760000001014(17)280630(10)JD-001(21)5WST9SDRBM7H,1,103.94
degradees/5WST9SDRBM7H_occlusion3.png,occlusion,3,(01)03760000001014(17)280630(10)JD-001(21)5WST9SDRBM7H,,0,217.58
degradees/62XE5E9T8WS3_flou1.png,flou,1,(01)03760000001038(17)280630(10)JD-003(21)62XE5E9T8WS3,,0,96.57
degradees/62XE5E9T8WS3_flou2.png,flou,2,(01)03760000001038(17)280630(10)JD-003(21)62XE5E9T8WS3,,0,95.76
degradees/62XE5E9T8WS3_flou3.png,flou,3,(01)03760000001038(17)280630(10)JD-003(21)62XE5E9T8WS3,,0,93.14
degradees/62XE5E9T8WS3_occlusion1.png,occlusion,1,(01)03760000001038(17)280630(10)JD-003(21)62XE5E9T8WS3,(01)03760000001038(17)280630(10)JD-003(21)62XE5E9T8WS3,1,91.29
degradees/62XE5E9T8WS3_occlusion2.png,occlusion,2,(01)03760000001038(17)280630(10)JD-003(21)62XE5E9T8WS3,(01)03760000001038(17)280630(10)JD-003(21)62XE5E9T8WS3,1,86.81
degradees/62XE5E9T8WS3_occlusion3.png,occlusion,3,(01)03760000001038(17)280630(10)JD-003(21)62XE5E9T8WS3,,0,94.11
degradees/67B85JRMC752_flou1.png,flou,1,(01)03760000001021(17)280630(10)JD-002(21)67B85JRMC752,(01)03760000001021(17)280630(10)JD-002(21)67B85JRMC752,1,100.11
degradees/67B85JRMC752_flou2.png,flou,2,(01)03760000001021(17)280630(10)JD-002(21)67B85JRMC752,,0,97.73
degradees/67B85JRMC752_flou3.png,flou,3,(01)03760000001021(17)280630(10)JD-002(21)67B85JRMC752,,0,101.9
degradees/67B85JRMC752_occlusion1.png,occlusion,1,(01)03760000001021(17)280630(10)JD-002(21)67B85JRMC752,(01)03760000001021(17)280630(10)JD-002(21)67B85JRMC752,1,97.79
degradees/67B85JRMC752_occlusion2.png,occlusion,2,(01)03760000001021(17)280630(10)JD-002(21)67B85JRMC752,(01)03760000001021(17)280630(10)JD-002(21)67B85JRMC752,1,110.88
degradees/67B85JRMC752_occlusion3.png,occlusion,3,(01)03760000001021(17)280630(10)JD-002(21)67B85JRMC752,,0,145.19
degradees/6FFVWQE9FPF4_flou1.png,flou,1,(01)03760000001014(17)280630(10)JD-001(21)6FFVWQE9FPF4,(01)03760000001014(17)280630(10)JD-001(21)6FFVWQE9FPF4,1,117.9
degradees/6FFVWQE9FPF4_flou2.png,flou,2,(01)03760000001014(17)280630(10)JD-001(21)6FFVWQE9FPF4,,0,126.71
degradees/6FFVWQE9FPF4_flou3.png,flou,3,(01)03760000001014(17)280630(10)JD-001(21)6FFVWQE9FPF4,,0,108.96
degradees/6FFVWQE9FPF4_occlusion1.png,occlusion,1,(01)03760000001014(17)280630(10)JD-001(21)6FFVWQE9FPF4,(01)03760000001014(17)280630(10)JD-001(21)6FFVWQE9FPF4,1,98.16
degradees/6FFVWQE9FPF4_occlusion2.png,occlusion,2,(01)03760000001014(17)280630(10)JD-001(21)6FFVWQE9FPF4,,0,95.97
degradees/6FFVWQE9FPF4_occlusion3.png,occlusion,3,(01)03760000001014(17)280630(10)JD-001(21)6FFVWQE9FPF4,,0,115.08
degradees/6M39XNCN9CBX_flou1.png,flou,1,(01)03760000001014(17)280630(10)JD-001(21)6M39XNCN9CBX,(01)03760000001014(17)280630(10)JD-001(21)6M39XNCN9CBX,1,102.94
degradees/6M39XNCN9CBX_flou2.png,flou,2,(01)03760000001014(17)280630(10)JD-001(21)6M39XNCN9CBX,(01)03760000001014(17)280630(10)JD-001(21)6M39XNCN9CBX,1,104.52
degradees/6M39XNCN9CBX_flou3.png,flou,3,(01)03760000001014(17)280630(10)JD-001(21)6M39XNCN9CBX,,0,99.02
degradees/6M39XNCN9CBX_occlusion1.png,occlusion,1,(01)03760000001014(17)280630(10)JD-001(21)6M39XNCN9CBX,(01)03760000001014(17)280630(10)JD-001(21)6M39XNCN9CBX,1,97.63
degradees/6M39XNCN9CBX_occlusion2.png,occlusion,2,(01)03760000001014(17)280630(10)JD-001(21)6M39XNCN9CBX,(01)03760000001014(17)280630(10)JD-001(21)6M39XNCN9CBX,1,133.24
degradees/6M39XNCN9CBX_occlusion3.png,occlusion,3,(01)03760000001014(17)280630(10)JD-001(21)6M39XNCN9CBX,,0,143.15
degradees/6PJS7JW9JXZ3_flou1.png,flou,1,(01)03760000001045(17)280630(10)JD-004(21)6PJS7JW9JXZ3,(01)03760000001045(17)280630(10)JD-004(21)6PJS7JW9JXZ3,1,101.99
degradees/6PJS7JW9JXZ3_flou2.png,flou,2,(01)03760000001045(17)280630(10)JD-004(21)6PJS7JW9JXZ3,,0,102.96
degradees/6PJS7JW9JXZ3_flou3.png,flou,3,(01)03760000001045(17)280630(10)JD-004(21)6PJS7JW9JXZ3,,0,106.15
degradees/6PJS7JW9JXZ3_occlusion1.png,occlusion,1,(01)03760000001045(17)280630(10)JD-004(21)6PJS7JW9JXZ3,(01)03760000001045(17)280630(10)JD-004(21)6PJS7JW9JXZ3,1,98.08
degradees/6PJS7JW9JXZ3_occlusion2.png,occlusion,2,(01)03760000001045(17)280630(10)JD-004(21)6PJS7JW9JXZ3,(01)03760000001045(17)280630(10)JD-004(21)6PJS7JW9JXZ3,1,140.61
degradees/6PJS7JW9JXZ3_occlusion3.png,occlusion,3,(01)03760000001045(17)280630(10)JD-004(21)6PJS7JW9JXZ3,,0,100.36
degradees/6SA8B95VKUSZ_flou1.png,flou,1,(01)03760000001038(17)280630(10)JD-003(21)6SA8B95VKUSZ,(01)03760000001038(17)280630(10)JD-003(21)6SA8B95VKUSZ,1,99.5
degradees/6SA8B95VKUSZ_flou2.png,flou,2,(01)03760000001038(17)280630(10)JD-003(21)6SA8B95VKUSZ,,0,100.05
degradees/6SA8B95VKUSZ_flou3.png,flou,3,(01)03760000001038(17)280630(10)JD-003(21)6SA8B95VKUSZ,,0,113.22
degradees/6SA8B95VKUSZ_occlusion1.png,occlusion,1,(01)03760000001038(17)280630(10)JD-003(21)6SA8B95VKUSZ,(01)03760000001038(17)280630(10)JD-003(21)6SA8B95VKUSZ,1,137.0
degradees/6SA8B95VKUSZ_occlusion2.png,occlusion,2,(01)03760000001038(17)280630(10)JD-003(21)6SA8B95VKUSZ,,0,196.09
degradees/6SA8B95VKUSZ_occlusion3.png,occlusion,3,(01)03760000001038(17)280630(10)JD-003(21)6SA8B95VKUSZ,,0,100.23
degradees/7286S9BXWRUA_flou1.png,flou,1,(01)03760000001021(17)280630(10)JD-002(21)7286S9BXWRUA,(01)03760000001021(17)280630(10)JD-002(21)7286S9BXWRUA,1,104.85
degradees/7286S9BXWRUA_flou2.png,flou,2,(01)03760000001021(17)280630(10)JD-002(21)7286S9BXWRUA,,0,103.16
degradees/7286S9BXWRUA_flou3.png,flou,3,(01)03760000001021(17)280630(10)JD-002(21)7286S9BXWRUA,,0,102.1
degradees/7286S9BXWRUA_occlusion1.png,occlusion,1,(01)03760000001021(17)280630(10)JD-002(21)7286S9BXWRUA,(01)03760000001021(17)280630(10)JD-002(21)7286S9BXWRUA,1,100.44
degradees/7286S9BXWRUA_occlusion2.png,occlusion,2,(01)03760000001021(17)280630(10)JD-002(21)7286S9BXWRUA,(01)03760000001021(17)280630(10)JD-002(21)7286S9BXWRUA,1,99.62
degradees/7286S9BXWRUA_occlusion3.png,occlusion,3,(01)03760000001021(17)280630(10)JD-002(21)7286S9BXWRUA,,0,101.3
degradees/7348WR7PD5RW_flou1.png,flou,1,(01)03760000001021(17)280630(10)JD-002(21)7348WR7PD5RW,(01)03760000001021(17)280630(10)JD-002(21)7348WR7PD5RW,1,103.24
degradees/7348WR7PD5RW_flou2.png,flou,2,(01)03760000001021(17)280630(10)JD-002(21)7348WR7PD5RW,,0,100.08
degradees/7348WR7PD5RW_flou3.png,flou,3,(01)03760000001021(17)280630(10)JD-002(21)7348WR7PD5RW,,0,130.64
degradees/7348WR7PD5RW_occlusion1.png,occlusion,1,(01)03760000001021(17)280630(10)JD-002(21)7348WR7PD5RW,(01)03760000001021(17)280630(10)JD-002(21)7348WR7PD5RW,1,142.72
degradees/7348WR7PD5RW_occlusion2.png,occlusion,2,(01)03760000001021(17)280630(10)JD-002(21)7348WR7PD5RW,(01)03760000001021(17)280630(10)JD-002(21)7348WR7PD5RW,1,101.3
degradees/7348WR7PD5RW_occlusion3.png,occlusion,3,(01)03760000001021(17)280630(10)JD-002(21)7348WR7PD5RW,,0,99.17
degradees/7DA7QD4PBY7W_flou1.png,flou,1,(01)03760000001014(17)280630(10)JD-001(21)7DA7QD4PBY7W,(01)03760000001014(17)280630(10)JD-001(21)7DA7QD4PBY7W,1,104.32
degradees/7DA7QD4PBY7W_flou2.png,flou,2,(01)03760000001014(17)280630(10)JD-001(21)7DA7QD4PBY7W,(01)03760000001014(17)280630(10)JD-001(21)7DA7QD4PBY7W,1,104.18
degradees/7DA7QD4PBY7W_flou3.png,flou,3,(01)03760000001014(17)280630(10)JD-001(21)7DA7QD4PBY7W,(01)03760000001014(17)280630(10)JD-001(21)7DA7QD4PBY7W,1,102.83
degradees/7DA7QD4PBY7W_occlusion1.png,occlusion,1,(01)03760000001014(17)280630(10)JD-001(21)7DA7QD4PBY7W,(01)03760000001014(17)280630(10)JD-001(21)7DA7QD4PBY7W,1,98.91
degradees/7DA7QD4PBY7W_occlusion2.png,occlusion,2,(01)03760000001014(17)280630(10)JD-001(21)7DA7QD4PBY7W,(01)03760000001014(17)280630(10)JD-001(21)7DA7QD4PBY7W,1,97.61
degradees/7DA7QD4PBY7W_occlusion3.png,occlusion,3,(01)03760000001014(17)280630(10)JD-001(21)7DA7QD4PBY7W,,0,105.41
degradees/7WDEGGKNADCF_flou1.png,flou,1,(01)03760000001021(17)280630(10)JD-002(21)7WDEGGKNADCF,(01)03760000001021(17)280630(10)JD-002(21)7WDEGGKNADCF,1,106.86
degradees/7WDEGGKNADCF_flou2.png,flou,2,(01)03760000001021(17)280630(10)JD-002(21)7WDEGGKNADCF,(01)03760000001021(17)280630(10)JD-002(21)7WDEGGKNADCF,1,132.14
degradees/7WDEGGKNADCF_flou3.png,flou,3,(01)03760000001021(17)280630(10)JD-002(21)7WDEGGKNADCF,(01)03760000001021(17)280630(10)JD-002(21)7WDEGGKNADCF,1,159.83
degradees/7WDEGGKNADCF_occlusion1.png,occlusion,1,(01)03760000001021(17)280630(10)JD-002(21)7WDEGGKNADCF,(01)03760000001021(17)280630(10)JD-002(21)7WDEGGKNADCF,1,129.65
degradees/7WDEGGKNADCF_occlusion2.png,occlusion,2,(01)03760000001021(17)280630(10)JD-002(21)7WDEGGKNADCF,(01)03760000001021(17)280630(10)JD-002(21)7WDEGGKNADCF,1,104.38
degradees/7WDEGGKNADCF_occlusion3.png,occlusion,3,(01)03760000001021(17)280630(10)JD-002(21)7WDEGGKNADCF,,0,103.22
degradees/7WJ3T5YX683X_flou1.png,flou,1,(01)03760000001014(17)280630(10)JD-001(21)7WJ3T5YX683X,(01)03760000001014(17)280630(10)JD-001(21)7WJ3T5YX683X,1,98.77
degradees/7WJ3T5YX683X_flou2.png,flou,2,(01)03760000001014(17)280630(10)JD-001(21)7WJ3T5YX683X,,0,87.75
degradees/7WJ3T5YX683X_flou3.png,flou,3,(01)03760000001014(17)280630(10)JD-001(21)7WJ3T5YX683X,,0,94.84
degradees/7WJ3T5YX683X_occlusion1.png,occlusion,1,(01)03760000001014(17)280630(10)JD-001(21)7WJ3T5YX683X,,0,92.36
degradees/7WJ3T5YX683X_occlusion2.png,occlusion,2,(01)03760000001014(17)280630(10)JD-001(21)7WJ3T5YX683X,,0,89.89
degradees/7WJ3T5YX683X_occlusion3.png,occlusion,3,(01)03760000001014(17)280630(10)JD-001(21)7WJ3T5YX683X,,0,94.83
degradees/87Q4GGZ9PC34_flou1.png,flou,1,(01)03760000001014(17)280630(10)JD-001(21)87Q4GGZ9PC34,(01)03760000001014(17)280630(10)JD-001(21)87Q4GGZ9PC34,1,102.29
degradees/87Q4GGZ9PC34_flou2.png,flou,2,(01)03760000001014(17)280630(10)JD-001(21)87Q4GGZ9PC34,(01)03760000001014(17)280630(10)JD-001(21)87Q4GGZ9PC34,1,112.72
degradees/87Q4GGZ9PC34_flou3.png,flou,3,(01)03760000001014(17)280630(10)JD-001(21)87Q4GGZ9PC34,,0,150.79
degradees/87Q4GGZ9PC34_occlusion1.png,occlusion,1,(01)03760000001014(17)280630(10)JD-001(21)87Q4GGZ9PC34,(01)03760000001014(17)280630(10)JD-001(21)87Q4GGZ9PC34,1,123.38
degradees/87Q4GGZ9PC34_occlusion2.png,occlusion,2,(01)03760000001014(17)280630(10)JD-001(21)87Q4GGZ9PC34,,0,98.03
degradees/87Q4GGZ9PC34_occlusion3.png,occlusion,3,(01)03760000001014(17)280630(10)JD-001(21)87Q4GGZ9PC34,,0,92.88
degradees/9FWWBGMGJEDJ_flou1.png,flou,1,(01)03760000001038(17)280630(10)JD-003(21)9FWWBGMGJEDJ,(01)03760000001038(17)280630(10)JD-003(21)9FWWBGMGJEDJ,1,102.76
degradees/9FWWBGMGJEDJ_flou2.png,flou,2,(01)03760000001038(17)280630(10)JD-003(21)9FWWBGMGJEDJ,(01)03760000001038(17)280630(10)JD-003(21)9FWWBGMGJEDJ,1,98.72
degradees/9FWWBGMGJEDJ_flou3.png,flou,3,(01)03760000001038(17)280630(10)JD-003(21)9FWWBGMGJEDJ,,0,97.19
degradees/9FWWBGMGJEDJ_occlusion1.png,occlusion,1,(01)03760000001038(17)280630(10)JD-003(21)9FWWBGMGJEDJ,(01)03760000001038(17)280630(10)JD-003(21)9FWWBGMGJEDJ,1,94.73
degradees/9FWWBGMGJEDJ_occlusion2.png,occlusion,2,(01)03760000001038(17)280630(10)JD-003(21)9FWWBGMGJEDJ,(01)03760000001038(17)280630(10)JD-003(21)9FWWBGMGJEDJ,1,100.24
degradees/9FWWBGMGJEDJ_occlusion3.png,occlusion,3,(01)03760000001038(17)280630(10)JD-003(21)9FWWBGMGJEDJ,,0,122.05
degradees/9RFVUR2XJUG7_flou1.png,flou,1,(01)03760000001038(17)280630(10)JD-003(21)9RFVUR2XJUG7,(01)03760000001038(17)280630(10)JD-003(21)9RFVUR2XJUG7,1,105.0
degradees/9RFVUR2XJUG7_flou2.png,flou,2,(01)03760000001038(17)280630(10)JD-003(21)9RFVUR2XJUG7,,0,128.16
degradees/9RFVUR2XJUG7_flou3.png,flou,3,(01)03760000001038(17)280630(10)JD-003(21)9RFVUR2XJUG7,,0,163.53
degradees/9RFVUR2XJUG7_occlusion1.png,occlusion,1,(01)03760000001038(17)280630(10)JD-003(21)9RFVUR2XJUG7,(01)03760000001038(17)280630(10)JD-003(21)9RFVUR2XJUG7,1,101.16
degradees/9RFVUR2XJUG7_occlusion2.png,occlusion,2,(01)03760000001038(17)280630(10)JD-003(21)9RFVUR2XJUG7,,0,98.64
degradees/9RFVUR2XJUG7_occlusion3.png,occlusion,3,(01)03760000001038(17)280630(10)JD-003(21)9RFVUR2XJUG7,,0,98.6
degradees/9SDKR85UG4YX_flou1.png,flou,1,(01)03760000001038(17)280630(10)JD-003(21)9SDKR85UG4YX,(01)03760000001038(17)280630(10)JD-003(21)9SDKR85UG4YX,1,99.66
degradees/9SDKR85UG4YX_flou2.png,flou,2,(01)03760000001038(17)280630(10)JD-003(21)9SDKR85UG4YX,,0,102.12
degradees/9SDKR85UG4YX_flou3.png,flou,3,(01)03760000001038(17)280630(10)JD-003(21)9SDKR85UG4YX,,0,97.92
degradees/9SDKR85UG4YX_occlusion1.png,occlusion,1,(01)03760000001038(17)280630(10)JD-003(21)9SDKR85UG4YX,(01)03760000001038(17)280630(10)JD-003(21)9SDKR85UG4YX,1,94.42
degradees/9SDKR85UG4YX_occlusion2.png,occlusion,2,(01)03760000001038(17)280630(10)JD-003(21)9SDKR85UG4YX,,0,96.2
degradees/9SDKR85UG4YX_occlusion3.png,occlusion,3,(01)03760000001038(17)280630(10)JD-003(21)9SDKR85UG4YX,,0,93.8
degradees/A4WV3V7CNZF5_flou1.png,flou,1,(01)03760000001021(17)280630(10)JD-002(21)A4WV3V7CNZF5,(01)03760000001021(17)280630(10)JD-002(21)A4WV3V7CNZF5,1,103.24
degradees/A4WV3V7CNZF5_flou2.png,flou,2,(01)03760000001021(17)280630(10)JD-002(21)A4WV3V7CNZF5,(01)03760000001021(17)280630(10)JD-002(21)A4WV3V7CNZF5,1,132.88
degradees/A4WV3V7CNZF5_flou3.png,flou,3,(01)03760000001021(17)280630(10)JD-002(21)A4WV3V7CNZF5,(01)03760000001021(17)280630(10)JD-002(21)A4WV3V7CNZF5,1,156.42
degradees/A4WV3V7CNZF5_occlusion1.png,occlusion,1,(01)03760000001021(17)280630(10)JD-002(21)A4WV3V7CNZF5,(01)03760000001021(17)280630(10)JD-002(21)A4WV3V7CNZF5,1,99.46
degradees/A4WV3V7CNZF5_occlusion2.png,occlusion,2,(01)03760000001021(17)280630(10)JD-002(21)A4WV3V7CNZF5,,0,101.1
degradees/A4WV3V7CNZF5_occlusion3.png,occlusion,3,(01)03760000001021(17)280630(10)JD-002(21)A4WV3V7CNZF5,,0,101.17
degradees/AX9DY6DWCU6A_flou1.png,flou,1,(01)03760000001045(17)280630(10)JD-004(21)AX9DY6DWCU6A,(01)03760000001045(17)280630(10)JD-004(21)AX9DY6DWCU6A,1,100.61
degradees/AX9DY6DWCU6A_flou2.png,flou,2,(01)03760000001045(17)280630(10)JD-004(21)AX9DY6DWCU6A,,0,98.61
degradees/AX9DY6DWCU6A_flou3.png,flou,3,(01)03760000001045(17)280630(10)JD-004(21)AX9DY6DWCU6A,,0,112.74
degradees/AX9DY6DWCU6A_occlusion1.png,occlusion,1,(01)03760000001045(17)280630(10)JD-004(21)AX9DY6DWCU6A,(01)03760000001045(17)280630(10)JD-004(21)AX9DY6DWCU6A,1,103.82
degradees/AX9DY6DWCU6A_occlusion2.png,occlusion,2,(01)03760000001045(17)280630(10)JD-004(21)AX9DY6DWCU6A,,0,100.99
degradees/AX9DY6DWCU6A_occlusion3.png,occlusion,3,(01)03760000001045(17)280630(10)JD-004(21)AX9DY6DWCU6A,,0,100.89
degradees/B22BUXF7NPSD_flou1.png,flou,1,(01)03760000001021(17)280630(10)JD-002(21)B22BUXF7NPSD,(01)03760000001021(17)280630(10)JD-002(21)B22BUXF7NPSD,1,102.94
degradees/B22BUXF7NPSD_flou2.png,flou,2,(01)03760000001021(17)280630(10)JD-002(21)B22BUXF7NPSD,,0,137.52
degradees/B22BUXF7NPSD_flou3.png,flou,3,(01)03760000001021(17)280630(10)JD-002(21)B22BUXF7NPSD,,0,136.07
degradees/B22BUXF7NPSD_occlusion1.png,occlusion,1,(01)03760000001021(17)280630(10)JD-002(21)B22BUXF7NPSD,(01)03760000001021(17)280630(10)JD-002(21)B22BUXF7NPSD,1,96.22
degradees/B22BUXF7NPSD_occlusion2.png,occlusion,2,(01)03760000001021(17)280630(10)JD-002(21)B22BUXF7NPSD,,0,97.58
degradees/B22BUXF7NPSD_occlusion3.png,occlusion,3,(01)03760000001021(17)280630(10)JD-002(21)B22BUXF7NPSD,,0,95.92
degradees/B45TWQRYGWZ3_flou1.png,flou,1,(01)03760000001014(17)280630(10)JD-001(21)B45TWQRYGWZ3,(01)03760000001014(17)280630(10)JD-001(21)B45TWQRYGWZ3,1,99.54
degradees/B45TWQRYGWZ3_flou2.png,flou,2,(01)03760000001014(17)280630(10)JD-001(21)B45TWQRYGWZ3,,0,95.85
degradees/B45TWQRYGWZ3_flou3.png,flou,3,(01)03760000001014(17)280630(10)JD-001(21)B45TWQRYGWZ3,,0,101.22
degradees/B45TWQRYGWZ3_occlusion1.png,occlusion,1,(01)03760000001014(17)280630(10)JD-001(21)B45TWQRYGWZ3,(01)03760000001014(17)280630(10)JD-001(21)B45TWQRYGWZ3,1,98.97
degradees/B45TWQRYGWZ3_occlusion2.png,occlusion,2,(01)03760000001014(17)280630(10)JD-001(21)B45TWQRYGWZ3,(01)03760000001014(17)280630(10)JD-001(21)B45TWQRYGWZ3,1,94.98
degradees/B45TWQRYGWZ3_occlusion3.png,occlusion,3,(01)03760000001014(17)280630(10)JD-001(21)B45TWQRYGWZ3,,0,96.32
degradees/BSZAJXR9ZP6M_flou1.png,flou,1,(01)03760000001014(17)280630(10)JD-001(21)BSZAJXR9ZP6M,(01)03760000001014(17)280630(10)JD-001(21)BSZAJXR9ZP6M,1,100.22
degradees/BSZAJXR9ZP6M_flou2.png,flou,2,(01)03760000001014(17)280630(10)JD-001(21)BSZAJXR9ZP6M,,0,127.88
degradees/BSZAJXR9ZP6M_flou3.png,flou,3,(01)03760000001014(17)280630(10)JD-001(21)BSZAJXR9ZP6M,,0,155.86
degradees/BSZAJXR9ZP6M_occlusion1.png,occlusion,1,(01)03760000001014(17)280630(10)JD-001(21)BSZAJXR9ZP6M,(01)03760000001014(17)280630(10)JD-001(21)BSZAJXR9ZP6M,1,97.54
degradees/BSZAJXR9ZP6M_occlusion2.png,occlusion,2,(01)03760000001014(17)280630(10)JD-001(21)BSZAJXR9ZP6M,,0,96.42
degradees/BSZAJXR9ZP6M_occlusion3.png,occlusion,3,(01)03760000001014(17)280630(10)JD-001(21)BSZAJXR9ZP6M,,0,115.37
degradees/BYMVU78WJK4N_flou1.png,flou,1,(01)03760000001045(17)280630(10)JD-004(21)BYMVU78WJK4N,(01)03760000001045(17)280630(10)JD-004(21)BYMVU78WJK4N,1,108.43
degradees/BYMVU78WJK4N_flou2.png,flou,2,(01)03760000001045(17)280630(10)JD-004(21)BYMVU78WJK4N,,0,106.29
degradees/BYMVU78WJK4N_flou3.png,flou,3,(01)03760000001045(17)280630(10)JD-004(21)BYMVU78WJK4N,,0,101.01
degradees/BYMVU78WJK4N_occlusion1.png,occlusion,1,(01)03760000001045(17)280630(10)JD-004(21)BYMVU78WJK4N,(01)03760000001045(17)280630(10)JD-004(21)BYMVU78WJK4N,1,95.79
degradees/BYMVU78WJK4N_occlusion2.png,occlusion,2,(01)03760000001045(17)280630(10)JD-004(21)BYMVU78WJK4N,(01)03760000001045(17)280630(10)JD-004(21)BYMVU78WJK4N,1,97.62
degradees/BYMVU78WJK4N_occlusion3.png,occlusion,3,(01)03760000001045(17)280630(10)JD-004(21)BYMVU78WJK4N,,0,93.82
degradees/CAU4D9NCJGDS_flou1.png,flou,1,(01)03760000001038(17)280630(10)JD-003(21)CAU4D9NCJGDS,(01)03760000001038(17)280630(10)JD-003(21)CAU4D9NCJGDS,1,101.78
degradees/CAU4D9NCJGDS_flou2.png,flou,2,(01)03760000001038(17)280630(10)JD-003(21)CAU4D9NCJGDS,(01)03760000001038(17)280630(10)JD-003(21)CAU4D9NCJGDS,1,144.81
degradees/CAU4D9NCJGDS_flou3.png,flou,3,(01)03760000001038(17)280630(10)JD-003(21)CAU4D9NCJGDS,,0,134.28
degradees/CAU4D9NCJGDS_occlusion1.png,occlusion,1,(01)03760000001038(17)280630(10)JD-003(21)CAU4D9NCJGDS,,0,101.01
degradees/CAU4D9NCJGDS_occlusion2.png,occlusion,2,(01)03760000001038(17)280630(10)JD-003(21)CAU4D9NCJGDS,,0,100.22
degradees/CAU4D9NCJGDS_occlusion3.png,occlusion,3,(01)03760000001038(17)280630(10)JD-003(21)CAU4D9NCJGDS,,0,130.14
degradees/CBV4W4999GA2_flou1.png,flou,1,(01)03760000001038(17)280630(10)JD-003(21)CBV4W4999GA2,,0,144.53
degradees/CBV4W4999GA2_flou2.png,flou,2,(01)03760000001038(17)280630(10)JD-003(21)CBV4W4999GA2,,0,110.74
degradees/CBV4W4999GA2_flou3.png,flou,3,(01)03760000001038(17)280630(10)JD-003(21)CBV4W4999GA2,,0,100.56
degradees/CBV4W4999GA2_occlusion1.png,occlusion,1,(01)03760000001038(17)280630(10)JD-003(21)CBV4W4999GA2,(01)03760000001038(17)280630(10)JD-003(21)CBV4W4999GA2,1,100.14
degradees/CBV4W4999GA2_occlusion2.png,occlusion,2,(01)03760000001038(17)280630(10)JD-003(21)CBV4W4999GA2,(01)03760000001038(17)280630(10)JD-003(21)CBV4W4999GA2,1,99.69
degradees/CBV4W4999GA2_occlusion3.png,occlusion,3,(01)03760000001038(17)280630(10)JD-003(21)CBV4W4999GA2,,0,120.19
degradees/CCCVXFKDCGKN_flou1.png,flou,1,(01)03760000001038(17)280630(10)JD-003(21)CCCVXFKDCGKN,(01)03760000001038(17)280630(10)JD-003(21)CCCVXFKDCGKN,1,184.93
degradees/CCCVXFKDCGKN_flou2.png,flou,2,(01)03760000001038(17)280630(10)JD-003(21)CCCVXFKDCGKN,,0,173.15
degradees/CCCVXFKDCGKN_flou3.png,flou,3,(01)03760000001038(17)280630(10)JD-003(21)CCCVXFKDCGKN,,0,134.48
degradees/CCCVXFKDCGKN_occlusion1.png,occlusion,1,(01)03760000001038(17)280630(10)JD-003(21)CCCVXFKDCGKN,(01)03760000001038(17)280630(10)JD-003(21)CCCVXFKDCGKN,1,109.13
degradees/CCCVXFKDCGKN_occlusion2.png,occlusion,2,(01)03760000001038(17)280630(10)JD-003(21)CCCVXFKDCGKN,(01)03760000001038(17)280630(10)JD-003(21)CCCVXFKDCGKN,1,97.29
degradees/CCCVXFKDCGKN_occlusion3.png,occlusion,3,(01)03760000001038(17)280630(10)JD-003(21)CCCVXFKDCGKN,,0,101.53
degradees/CFJKTJ93C33J_flou1.png,flou,1,(01)03760000001045(17)280630(10)JD-004(21)CFJKTJ93C33J,(01)03760000001045(17)280630(10)JD-004(21)CFJKTJ93C33J,1,99.34
degradees/CFJKTJ93C33J_flou2.png,flou,2,(01)03760000001045(17)280630(10)JD-004(21)CFJKTJ93C33J,,0,97.82
degradees/CFJKTJ93C33J_flou3.png,flou,3,(01)03760000001045(17)280630(10)JD-004(21)CFJKTJ93C33J,,0,97.85
degradees/CFJKTJ93C33J_occlusion1.png,occlusion,1,(01)03760000001045(17)280630(10)JD-004(21)CFJKTJ93C33J,(01)03760000001045(17)280630(10)JD-004(21)CFJKTJ93C33J,1,143.79
degradees/CFJKTJ93C33J_occlusion2.png,occlusion,2,(01)03760000001045(17)280630(10)JD-004(21)CFJKTJ93C33J,,0,136.74
degradees/CFJKTJ93C33J_occlusion3.png,occlusion,3,(01)03760000001045(17)280630(10)JD-004(21)CFJKTJ93C33J,,0,134.73
degradees/CXGGG6QJ4HP8_flou1.png,flou,1,(01)03760000001021(17)280630(10)JD-002(21)CXGGG6QJ4HP8,(01)03760000001021(17)280630(10)JD-002(21)CXGGG6QJ4HP8,1,103.3
degradees/CXGGG6QJ4HP8_flou2.png,flou,2,(01)03760000001021(17)280630(10)JD-002(21)CXGGG6QJ4HP8,(01)03760000001021(17)280630(10)JD-002(21)CXGGG6QJ4HP8,1,103.4
degradees/CXGGG6QJ4HP8_flou3.png,flou,3,(01)03760000001021(17)280630(10)JD-002(21)CXGGG6QJ4HP8,,0,103.81
degradees/CXGGG6QJ4HP8_occlusion1.png,occlusion,1,(01)03760000001021(17)280630(10)JD-002(21)CXGGG6QJ4HP8,(01)03760000001021(17)280630(10)JD-002(21)CXGGG6QJ4HP8,1,100.35
degradees/CXGGG6QJ4HP8_occlusion2.png,occlusion,2,(01)03760000001021(17)280630(10)JD-002(21)CXGGG6QJ4HP8,,0,99.39
degradees/CXGGG6QJ4HP8_occlusion3.png,occlusion,3,(01)03760000001021(17)280630(10)JD-002(21)CXGGG6QJ4HP8,,0,95.68
degradees/DDTC76YYH86B_flou1.png,flou,1,(01)03760000001014(17)280630(10)JD-001(21)DDTC76YYH86B,(01)03760000001014(17)280630(10)JD-001(21)DDTC76YYH86B,1,98.55
degradees/DDTC76YYH86B_flou2.png,flou,2,(01)03760000001014(17)280630(10)JD-001(21)DDTC76YYH86B,,0,95.33
degradees/DDTC76YYH86B_flou3.png,flou,3,(01)03760000001014(17)280630(10)JD-001(21)DDTC76YYH86B,,0,96.22
degradees/DDTC76YYH86B_occlusion1.png,occlusion,1,(01)03760000001014(17)280630(10)JD-001(21)DDTC76YYH86B,(01)03760000001014(17)280630(10)JD-001(21)DDTC76YYH86B,1,94.59
degradees/DDTC76YYH86B_occlusion2.png,occlusion,2,(01)03760000001014(17)280630(10)JD-001(21)DDTC76YYH86B,(01)03760000001014(17)280630(10)JD-001(21)DDTC76YYH86B,1,164.79
degradees/DDTC76YYH86B_occlusion3.png,occlusion,3,(01)03760000001014(17)280630(10)JD-001(21)DDTC76YYH86B,,0,141.59
degradees/DUYA58ATYFNA_flou1.png,flou,1,(01)03760000001045(17)280630(10)JD-004(21)DUYA58ATYFNA,(01)03760000001045(17)280630(10)JD-004(21)DUYA58ATYFNA,1,102.73
degradees/DUYA58ATYFNA_flou2.png,flou,2,(01)03760000001045(17)280630(10)JD-004(21)DUYA58ATYFNA,,0,98.37
degradees/DUYA58ATYFNA_flou3.png,flou,3,(01)03760000001045(17)280630(10)JD-004(21)DUYA58ATYFNA,,0,98.47
degradees/DUYA58ATYFNA_occlusion1.png,occlusion,1,(01)03760000001045(17)280630(10)JD-004(21)DUYA58ATYFNA,(01)03760000001045(17)280630(10)JD-004(21)DUYA58ATYFNA,1,93.59
degradees/DUYA58ATYFNA_occlusion2.png,occlusion,2,(01)03760000001045(17)280630(10)JD-004(21)DUYA58ATYFNA,,0,92.12
degradees/DUYA58ATYFNA_occlusion3.png,occlusion,3,(01)03760000001045(17)280630(10)JD-004(21)DUYA58ATYFNA,,0,106.37
degradees/DVY9Y3D5Y9H9_flou1.png,flou,1,(01)03760000001045(17)280630(10)JD-004(21)DVY9Y3D5Y9H9,(01)03760000001045(17)280630(10)JD-004(21)DVY9Y3D5Y9H9,1,106.18
degradees/DVY9Y3D5Y9H9_flou2.png,flou,2,(01)03760000001045(17)280630(10)JD-004(21)DVY9Y3D5Y9H9,(01)03760000001045(17)280630(10)JD-004(21)DVY9Y3D5Y9H9,1,102.81
degradees/DVY9Y3D5Y9H9_flou3.png,flou,3,(01)03760000001045(17)280630(10)JD-004(21)DVY9Y3D5Y9H9,,0,101.27
degradees/DVY9Y3D5Y9H9_occlusion1.png,occlusion,1,(01)03760000001045(17)280630(10)JD-004(21)DVY9Y3D5Y9H9,(01)03760000001045(17)280630(10)JD-004(21)DVY9Y3D5Y9H9,1,116.99
degradees/DVY9Y3D5Y9H9_occlusion2.png,occlusion,2,(01)03760000001045(17)280630(10)JD-004(21)DVY9Y3D5Y9H9,,0,151.77
degradees/DVY9Y3D5Y9H9_occlusion3.png,occlusion,3,(01)03760000001045(17)280630(10)JD-004(21)DVY9Y3D5Y9H9,,0,106.65
degradees/E2VC7KN5WYSE_flou1.png,flou,1,(01)03760000001038(17)280630(10)JD-003(21)E2VC7KN5WYSE,(01)03760000001038(17)280630(10)JD-003(21)E2VC7KN5WYSE,1,101.34
degradees/E2VC7KN5WYSE_flou2.png,flou,2,(01)03760000001038(17)280630(10)JD-003(21)E2VC7KN5WYSE,(01)03760000001038(17)280630(10)JD-003(21)E2VC7KN5WYSE,1,100.17
degradees/E2VC7KN5WYSE_flou3.png,flou,3,(01)03760000001038(17)280630(10)JD-003(21)E2VC7KN5WYSE,,0,100.01
degradees/E2VC7KN5WYSE_occlusion1.png,occlusion,1,(01)03760000001038(17)280630(10)JD-003(21)E2VC7KN5WYSE,(01)03760000001038(17)280630(10)JD-003(21)E2VC7KN5WYSE,1,96.33
degradees/E2VC7KN5WYSE_occlusion2.png,occlusion,2,(01)03760000001038(17)280630(10)JD-003(21)E2VC7KN5WYSE,(01)03760000001038(17)280630(10)JD-003(21)E2VC7KN5WYSE,1,97.13
degradees/E2VC7KN5WYSE_occlusion3.png,occlusion,3,(01)03760000001038(17)280630(10)JD-003(21)E2VC7KN5WYSE,,0,99.48
degradees/FJYM8CXPNDN3_flou1.png,flou,1,(01)03760000001038(17)280630(10)JD-003(21)FJYM8CXPNDN3,(01)03760000001038(17)280630(10)JD-003(21)FJYM8CXPNDN3,1,96.08
degradees/FJYM8CXPNDN3_flou2.png,flou,2,(01)03760000001038(17)280630(10)JD-003(21)FJYM8CXPNDN3,,0,99.12
degradees/FJYM8CXPNDN3_flou3.png,flou,3,(01)03760000001038(17)280630(10)JD-003(21)FJYM8CXPNDN3,,0,115.35
degradees/FJYM8CXPNDN3_occlusion1.png,occlusion,1,(01)03760000001038(17)280630(10)JD-003(21)FJYM8CXPNDN3,(01)03760000001038(17)280630(10)JD-003(21)FJYM8CXPNDN3,1,142.86
degradees/FJYM8CXPNDN3_occlusion2.png,occlusion,2,(01)03760000001038(17)280630(10)JD-003(21)FJYM8CXPNDN3,(01)03760000001038(17)280630(10)JD-003(21)FJYM8CXPNDN3,1,143.39
degradees/FJYM8CXPNDN3_occlusion3.png,occlusion,3,(01)03760000001038(17)280630(10)JD-003(21)FJYM8CXPNDN3,,0,97.31
degradees/GAZSGFJYV4R9_flou1.png,flou,1,(01)03760000001021(17)280630(10)JD-002(21)GAZSGFJYV4R9,(01)03760000001021(17)280630(10)JD-002(21)GAZSGFJYV4R9,1,107.52
degradees/GAZSGFJYV4R9_flou2.png,flou,2,(01)03760000001021(17)280630(10)JD-002(21)GAZSGFJYV4R9,(01)03760000001021(17)280630(10)JD-002(21)GAZSGFJYV4R9,1,104.55
degradees/GAZSGFJYV4R9_flou3.png,flou,3,(01)03760000001021(17)280630(10)JD-002(21)GAZSGFJYV4R9,(01)03760000001021(17)280630(10)JD-002(21)GAZSGFJYV4R9,1,103.11
degradees/GAZSGFJYV4R9_occlusion1.png,occlusion,1,(01)03760000001021(17)280630(10)JD-002(21)GAZSGFJYV4R9,(01)03760000001021(17)280630(10)JD-002(21)GAZSGFJYV4R9,1,105.55
degradees/GAZSGFJYV4R9_occlusion2.png,occlusion,2,(01)03760000001021(17)280630(10)JD-002(21)GAZSGFJYV4R9,(01)03760000001021(17)280630(10)JD-002(21)GAZSGFJYV4R9,1,101.85
degradees/GAZSGFJYV4R9_occlusion3.png,occlusion,3,(01)03760000001021(17)280630(10)JD-002(21)GAZSGFJYV4R9,,0,101.92
degradees/GEWG4F7P34C2_flou1.png,flou,1,(01)03760000001045(17)280630(10)JD-004(21)GEWG4F7P34C2,(01)03760000001045(17)280630(10)JD-004(21)GEWG4F7P34C2,1,98.12
degradees/GEWG4F7P34C2_flou2.png,flou,2,(01)03760000001045(17)280630(10)JD-004(21)GEWG4F7P34C2,,0,95.57
degradees/GEWG4F7P34C2_flou3.png,flou,3,(01)03760000001045(17)280630(10)JD-004(21)GEWG4F7P34C2,,0,101.89
degradees/GEWG4F7P34C2_occlusion1.png,occlusion,1,(01)03760000001045(17)280630(10)JD-004(21)GEWG4F7P34C2,(01)03760000001045(17)280630(10)JD-004(21)GEWG4F7P34C2,1,143.28
degradees/GEWG4F7P34C2_occlusion2.png,occlusion,2,(01)03760000001045(17)280630(10)JD-004(21)GEWG4F7P34C2,,0,121.51
degradees/GEWG4F7P34C2_occlusion3.png,occlusion,3,(01)03760000001045(17)280630(10)JD-004(21)GEWG4F7P34C2,,0,94.6
degradees/GG6NW7WVPK8U_flou1.png,flou,1,(01)03760000001038(17)280630(10)JD-003(21)GG6NW7WVPK8U,(01)03760000001038(17)280630(10)JD-003(21)GG6NW7WVPK8U,1,99.85
degradees/GG6NW7WVPK8U_flou2.png,flou,2,(01)03760000001038(17)280630(10)JD-003(21)GG6NW7WVPK8U,(01)03760000001038(17)280630(10)JD-003(21)GG6NW7WVPK8U,1,101.28
degradees/GG6NW7WVPK8U_flou3.png,flou,3,(01)03760000001038(17)280630(10)JD-003(21)GG6NW7WVPK8U,,0,95.88
degradees/GG6NW7WVPK8U_occlusion1.png,occlusion,1,(01)03760000001038(17)280630(10)JD-003(21)GG6NW7WVPK8U,(01)03760000001038(17)280630(10)JD-003(21)GG6NW7WVPK8U,1,94.33
degradees/GG6NW7WVPK8U_occlusion2.png,occlusion,2,(01)03760000001038(17)280630(10)JD-003(21)GG6NW7WVPK8U,,0,94.27
degradees/GG6NW7WVPK8U_occlusion3.png,occlusion,3,(01)03760000001038(17)280630(10)JD-003(21)GG6NW7WVPK8U,,0,114.01
degradees/GK6AUJ3FNB2A_flou1.png,flou,1,(01)03760000001014(17)280630(10)JD-001(21)GK6AUJ3FNB2A,(01)03760000001014(17)280630(10)JD-001(21)GK6AUJ3FNB2A,1,112.48
degradees/GK6AUJ3FNB2A_flou2.png,flou,2,(01)03760000001014(17)280630(10)JD-001(21)GK6AUJ3FNB2A,(01)03760000001014(17)280630(10)JD-001(21)GK6AUJ3FNB2A,1,108.5
degradees/GK6AUJ3FNB2A_flou3.png,flou,3,(01)03760000001014(17)280630(10)JD-001(21)GK6AUJ3FNB2A,(01)03760000001014(17)280630(10)JD-001(21)GK6AUJ3FNB2A,1,124.58
degradees/GK6AUJ3FNB2A_occlusion1.png,occlusion,1,(01)03760000001014(17)280630(10)JD-001(21)GK6AUJ3FNB2A,(01)03760000001014(17)280630(10)JD-001(21)GK6AUJ3FNB2A,1,155.78
degradees/GK6AUJ3FNB2A_occlusion2.png,occlusion,2,(01)03760000001014(17)280630(10)JD-001(21)GK6AUJ3FNB2A,,0,110.96
degradees/GK6AUJ3FNB2A_occlusion3.png,occlusion,3,(01)03760000001014(17)280630(10)JD-001(21)GK6AUJ3FNB2A,,0,101.95
degradees/GN53K2KR29EQ_flou1.png,flou,1,(01)03760000001014(17)280630(10)JD-001(21)GN53K2KR29EQ,(01)03760000001014(17)280630(10)JD-001(21)GN53K2KR29EQ,1,96.99
degradees/GN53K2KR29EQ_flou2.png,flou,2,(01)03760000001014(17)280630(10)JD-001(21)GN53K2KR29EQ,,0,96.57
degradees/GN53K2KR29EQ_flou3.png,flou,3,(01)03760000001014(17)280630(10)JD-001(21)GN53K2KR29EQ,,0,98.63
degradees/GN53K2KR29EQ_occlusion1.png,occlusion,1,(01)03760000001014(17)280630(10)JD-001(21)GN53K2KR29EQ,(01)03760000001014(17)280630(10)JD-001(21)GN53K2KR29EQ,1,98.04
degradees/GN53K2KR29EQ_occlusion2.png,occlusion,2,(01)03760000001014(17)280630(10)JD-001(21)GN53K2KR29EQ,,0,92.74
degradees/GN53K2KR29EQ_occlusion3.png,occlusion,3,(01)03760000001014(17)280630(10)JD-001(21)GN53K2KR29EQ,,0,92.75
degradees/GNJP32BC6A27_flou1.png,flou,1,(01)03760000001014(17)280630(10)JD-001(21)GNJP32BC6A27,,0,96.26
degradees/GNJP32BC6A27_flou2.png,flou,2,(01)03760000001014(17)280630(10)JD-001(21)GNJP32BC6A27,,0,95.66
degradees/GNJP32BC6A27_flou3.png,flou,3,(01)03760000001014(17)280630(10)JD-001(21)GNJP32BC6A27,,0,114.86
degradees/GNJP32BC6A27_occlusion1.png,occlusion,1,(01)03760000001014(17)280630(10)JD-001(21)GNJP32BC6A27,,0,144.38
degradees/GNJP32BC6A27_occlusion2.png,occlusion,2,(01)03760000001014(17)280630(10)JD-001(21)GNJP32BC6A27,(01)03760000001014(17)280630(10)JD-001(21)GNJP32BC6A27,1,99.57
degradees/GNJP32BC6A27_occlusion3.png,occlusion,3,(01)03760000001014(17)280630(10)JD-001(21)GNJP32BC6A27,(01)03760000001014(17)280630(10)JD-001(21)GNJP32BC6A27,1,95.49
degradees/GSG77HV5P9YC_flou1.png,flou,1,(01)03760000001014(17)280630(10)JD-001(21)GSG77HV5P9YC,(01)03760000001014(17)280630(10)JD-001(21)GSG77HV5P9YC,1,106.84
degradees/GSG77HV5P9YC_flou2.png,flou,2,(01)03760000001014(17)280630(10)JD-001(21)GSG77HV5P9YC,(01)03760000001014(17)280630(10)JD-001(21)GSG77HV5P9YC,1,109.33
degradees/GSG77HV5P9YC_flou3.png,flou,3,(01)03760000001014(17)280630(10)JD-001(21)GSG77HV5P9YC,(01)03760000001014(17)280630(10)JD-001(21)GSG77HV5P9YC,1,113.36
degradees/GSG77HV5P9YC_occlusion1.png,occlusion,1,(01)03760000001014(17)280630(10)JD-001(21)GSG77HV5P9YC,(01)03760000001014(17)280630(10)JD-001(21)GSG77HV5P9YC,1,119.55
degradees/GSG77HV5P9YC_occlusion2.png,occlusion,2,(01)03760000001014(17)280630(10)JD-001(21)GSG77HV5P9YC,(01)03760000001014(17)280630(10)JD-001(21)GSG77HV5P9YC,1,103.72
degradees/GSG77HV5P9YC_occlusion3.png,occlusion,3,(01)03760000001014(17)280630(10)JD-001(21)GSG77HV5P9YC,,0,144.4
degradees/GZEVRQX6C53B_flou1.png,flou,1,(01)03760000001038(17)280630(10)JD-003(21)GZEVRQX6C53B,(01)03760000001038(17)280630(10)JD-003(21)GZEVRQX6C53B,1,101.56
degradees/GZEVRQX6C53B_flou2.png,flou,2,(01)03760000001038(17)280630(10)JD-003(21)GZEVRQX6C53B,,0,121.47
degradees/GZEVRQX6C53B_flou3.png,flou,3,(01)03760000001038(17)280630(10)JD-003(21)GZEVRQX6C53B,,0,152.75
degradees/GZEVRQX6C53B_occlusion1.png,occlusion,1,(01)03760000001038(17)280630(10)JD-003(21)GZEVRQX6C53B,(01)03760000001038(17)280630(10)JD-003(21)GZEVRQX6C53B,1,105.66
degradees/GZEVRQX6C53B_occlusion2.png,occlusion,2,(01)03760000001038(17)280630(10)JD-003(21)GZEVRQX6C53B,(01)03760000001038(17)280630(10)JD-003(21)GZEVRQX6C53B,1,95.66
degradees/GZEVRQX6C53B_occlusion3.png,occlusion,3,(01)03760000001038(17)280630(10)JD-003(21)GZEVRQX6C53B,,0,96.17
degradees/H5GSTVP6AHZJ_flou1.png,flou,1,(01)03760000001021(17)280630(10)JD-002(21)H5GSTVP6AHZJ,(01)03760000001021(17)280630(10)JD-002(21)H5GSTVP6AHZJ,1,95.3
degradees/H5GSTVP6AHZJ_flou2.png,flou,2,(01)03760000001021(17)280630(10)JD-002(21)H5GSTVP6AHZJ,,0,99.35
degradees/H5GSTVP6AHZJ_flou3.png,flou,3,(01)03760000001021(17)280630(10)JD-002(21)H5GSTVP6AHZJ,,0,98.25
degradees/H5GSTVP6AHZJ_occlusion1.png,occlusion,1,(01)03760000001021(17)280630(10)JD-002(21)H5GSTVP6AHZJ,(01)03760000001021(17)280630(10)JD-002(21)H5GSTVP6AHZJ,1,100.97
degradees/H5GSTVP6AHZJ_occlusion2.png,occlusion,2,(01)03760000001021(17)280630(10)JD-002(21)H5GSTVP6AHZJ,,0,97.02
degradees/H5GSTVP6AHZJ_occlusion3.png,occlusion,3,(01)03760000001021(17)280630(10)JD-002(21)H5GSTVP6AHZJ,,0,93.91
degradees/H96SG6WPHHGF_flou1.png,flou,1,(01)03760000001038(17)280630(10)JD-003(21)H96SG6WPHHGF,(01)03760000001038(17)280630(10)JD-003(21)H96SG6WPHHGF,1,92.82
degradees/H96SG6WPHHGF_flou2.png,flou,2,(01)03760000001038(17)280630(10)JD-003(21)H96SG6WPHHGF,,0,114.77
degradees/H96SG6WPHHGF_flou3.png,flou,3,(01)03760000001038(17)280630(10)JD-003(21)H96SG6WPHHGF,,0,144.35
degradees/H96SG6WPHHGF_occlusion1.png,occlusion,1,(01)03760000001038(17)280630(10)JD-003(21)H96SG6WPHHGF,,0,104.98
degradees/H96SG6WPHHGF_occlusion2.png,occlusion,2,(01)03760000001038(17)280630(10)JD-003(21)H96SG6WPHHGF,,0,94.17
degradees/H96SG6WPHHGF_occlusion3.png,occlusion,3,(01)03760000001038(17)280630(10)JD-003(21)H96SG6WPHHGF,,0,99.54
degradees/HM2DT6QHGQTG_flou1.png,flou,1,(01)03760000001021(17)280630(10)JD-002(21)HM2DT6QHGQTG,(01)03760000001021(17)280630(10)JD-002(21)HM2DT6QHGQTG,1,124.21
degradees/HM2DT6QHGQTG_flou2.png,flou,2,(01)03760000001021(17)280630(10)JD-002(21)HM2DT6QHGQTG,(01)03760000001021(17)280630(10)JD-002(21)HM2DT6QHGQTG,1,104.83
degradees/HM2DT6QHGQTG_flou3.png,flou,3,(01)03760000001021(17)280630(10)JD-002(21)HM2DT6QHGQTG,,0,105.34
degradees/HM2DT6QHGQTG_occlusion1.png,occlusion,1,(01)03760000001021(17)280630(10)JD-002(21)HM2DT6QHGQTG,(01)03760000001021(17)280630(10)JD-002(21)HM2DT6QHGQTG,1,100.07
degradees/HM2DT6QHGQTG_occlusion2.png,occlusion,2,(01)03760000001021(17)280630(10)JD-002(21)HM2DT6QHGQTG,,0,94.42
degradees/HM2DT6QHGQTG_occlusion3.png,occlusion,3,(01)03760000001021(17)280630(10)JD-002(21)HM2DT6QHGQTG,,0,91.93
degradees/HX57EJ35CSE2_flou1.png,flou,1,(01)03760000001021(17)280630(10)JD-002(21)HX57EJ35CSE2,,0,91.58
degradees/HX57EJ35CSE2_flou2.png,flou,2,(01)03760000001021(17)280630(10)JD-002(21)HX57EJ35CSE2,,0,121.58
degradees/HX57EJ35CSE2_flou3.png,flou,3,(01)03760000001021(17)280630(10)JD-002(21)HX57EJ35CSE2,,0,147.42
degradees/HX57EJ35CSE2_occlusion1.png,occlusion,1,(01)03760000001021(17)280630(10)JD-002(21)HX57EJ35CSE2,(01)03760000001021(17)280630(10)JD-002(21)HX57EJ35CSE2,1,96.65
degradees/HX57EJ35CSE2_occlusion2.png,occlusion,2,(01)03760000001021(17)280630(10)JD-002(21)HX57EJ35CSE2,(01)03760000001021(17)280630(10)JD-002(21)HX57EJ35CSE2,1,90.66
degradees/HX57EJ35CSE2_occlusion3.png,occlusion,3,(01)03760000001021(17)280630(10)JD-002(21)HX57EJ35CSE2,,0,92.17
degradees/J65EVVKE9M8G_flou1.png,flou,1,(01)03760000001014(17)280630(10)JD-001(21)J65EVVKE9M8G,(01)03760000001014(17)280630(10)JD-001(21)J65EVVKE9M8G,1,93.65
degradees/J65EVVKE9M8G_flou2.png,flou,2,(01)03760000001014(17)280630(10)JD-001(21)J65EVVKE9M8G,,0,96.25
degradees/J65EVVKE9M8G_flou3.png,flou,3,(01)03760000001014(17)280630(10)JD-001(21)J65EVVKE9M8G,,0,99.07
degradees/J65EVVKE9M8G_occlusion1.png,occlusion,1,(01)03760000001014(17)280630(10)JD-001(21)J65EVVKE9M8G,,0,87.74
degradees/J65EVVKE9M8G_occlusion2.png,occlusion,2,(01)03760000001014(17)280630(10)JD-001(21)J65EVVKE9M8G,(01)03760000001014(17)280630(10)JD-001(21)J65EVVKE9M8G,1,91.68
degradees/J65EVVKE9M8G_occlusion3.png,occlusion,3,(01)03760000001014(17)280630(10)JD-001(21)J65EVVKE9M8G,,0,90.07
degradees/J67PB2DDCXDR_flou1.png,flou,1,(01)03760000001045(17)280630(10)JD-004(21)J67PB2DDCXDR,(01)03760000001045(17)280630(10)JD-004(21)J67PB2DDCXDR,1,91.24
degradees/J67PB2DDCXDR_flou2.png,flou,2,(01)03760000001045(17)280630(10)JD-004(21)J67PB2DDCXDR,,0,95.45
degradees/J67PB2DDCXDR_flou3.png,flou,3,(01)03760000001045(17)280630(10)JD-004(21)J67PB2DDCXDR,,0,140.79
degradees/J67PB2DDCXDR_occlusion1.png,occlusion,1,(01)03760000001045(17)280630(10)JD-004(21)J67PB2DDCXDR,(01)03760000001045(17)280630(10)JD-004(21)J67PB2DDCXDR,1,134.66
degradees/J67PB2DDCXDR_occlusion2.png,occlusion,2,(01)03760000001045(17)280630(10)JD-004(21)J67PB2DDCXDR,(01)03760000001045(17)280630(10)JD-004(21)J67PB2DDCXDR,1,110.06
degradees/J67PB2DDCXDR_occlusion3.png,occlusion,3,(01)03760000001045(17)280630(10)JD-004(21)J67PB2DDCXDR,,0,101.23
degradees/JAWD8EZPEMPH_flou1.png,flou,1,(01)03760000001021(17)280630(10)JD-002(21)JAWD8EZPEMPH,(01)03760000001021(17)280630(10)JD-002(21)JAWD8EZPEMPH,1,107.9
degradees/JAWD8EZPEMPH_flou2.png,flou,2,(01)03760000001021(17)280630(10)JD-002(21)JAWD8EZPEMPH,,0,103.07
degradees/JAWD8EZPEMPH_flou3.png,flou,3,(01)03760000001021(17)280630(10)JD-002(21)JAWD8EZPEMPH,,0,104.17
degradees/JAWD8EZPEMPH_occlusion1.png,occlusion,1,(01)03760000001021(17)280630(10)JD-002(21)JAWD8EZPEMPH,(01)03760000001021(17)280630(10)JD-002(21)JAWD8EZPEMPH,1,98.93
degradees/JAWD8EZPEMPH_occlusion2.png,occlusion,2,(01)03760000001021(17)280630(10)JD-002(21)JAWD8EZPEMPH,(01)03760000001021(17)280630(10)JD-002(21)JAWD8EZPEMPH,1,133.08
degradees/JAWD8EZPEMPH_occlusion3.png,occlusion,3,(01)03760000001021(17)280630(10)JD-002(21)JAWD8EZPEMPH,,0,94.98
degradees/JKVH5WPWFPFA_flou1.png,flou,1,(01)03760000001014(17)280630(10)JD-001(21)JKVH5WPWFPFA,(01)03760000001014(17)280630(10)JD-001(21)JKVH5WPWFPFA,1,97.86
degradees/JKVH5WPWFPFA_flou2.png,flou,2,(01)03760000001014(17)280630(10)JD-001(21)JKVH5WPWFPFA,(01)03760000001014(17)280630(10)JD-001(21)JKVH5WPWFPFA,1,128.07
degradees/JKVH5WPWFPFA_flou3.png,flou,3,(01)03760000001014(17)280630(10)JD-001(21)JKVH5WPWFPFA,,0,149.79
degradees/JKVH5WPWFPFA_occlusion1.png,occlusion,1,(01)03760000001014(17)280630(10)JD-001(21)JKVH5WPWFPFA,(01)03760000001014(17)280630(10)JD-001(21)JKVH5WPWFPFA,1,102.41
degradees/JKVH5WPWFPFA_occlusion2.png,occlusion,2,(01)03760000001014(17)280630(10)JD-001(21)JKVH5WPWFPFA,,0,97.52
degradees/JKVH5WPWFPFA_occlusion3.png,occlusion,3,(01)03760000001014(17)280630(10)JD-001(21)JKVH5WPWFPFA,,0,100.35
degradees/JWN3KT2TG4ZE_flou1.png,flou,1,(01)03760000001021(17)280630(10)JD-002(21)JWN3KT2TG4ZE,(01)03760000001021(17)280630(10)JD-002(21)JWN3KT2TG4ZE,1,113.68
degradees/JWN3KT2TG4ZE_flou2.png,flou,2,(01)03760000001021(17)280630(10)JD-002(21)JWN3KT2TG4ZE,(01)03760000001021(17)280630(10)JD-002(21)JWN3KT2TG4ZE,1,104.32
degradees/JWN3KT2TG4ZE_flou3.png,flou,3,(01)03760000001021(17)280630(10)JD-002(21)JWN3KT2TG4ZE,(01)03760000001021(17)280630(10)JD-002(21)JWN3KT2TG4ZE,1,103.03
degradees/JWN3KT2TG4ZE_occlusion1.png,occlusion,1,(01)03760000001021(17)280630(10)JD-002(21)JWN3KT2TG4ZE,(01)03760000001021(17)280630(10)JD-002(21)JWN3KT2TG4ZE,1,97.22
degradees/JWN3KT2TG4ZE_occlusion2.png,occlusion,2,(01)03760000001021(17)280630(10)JD-002(21)JWN3KT2TG4ZE,,0,100.43
degradees/JWN3KT2TG4ZE_occlusion3.png,occlusion,3,(01)03760000001021(17)280630(10)JD-002(21)JWN3KT2TG4ZE,,0,95.7
degradees/JWYR4HHMJYST_flou1.png,flou,1,(01)03760000001014(17)280630(10)JD-001(21)JWYR4HHMJYST,(01)03760000001014(17)280630(10)JD-001(21)JWYR4HHMJYST,1,103.46
degradees/JWYR4HHMJYST_flou2.png,flou,2,(01)03760000001014(17)280630(10)JD-001(21)JWYR4HHMJYST,,0,185.25
degradees/JWYR4HHMJYST_flou3.png,flou,3,(01)03760000001014(17)280630(10)JD-001(21)JWYR4HHMJYST,,0,123.32
degradees/JWYR4HHMJYST_occlusion1.png,occlusion,1,(01)03760000001014(17)280630(10)JD-001(21)JWYR4HHMJYST,,0,100.49
degradees/JWYR4HHMJYST_occlusion2.png,occlusion,2,(01)03760000001014(17)280630(10)JD-001(21)JWYR4HHMJYST,,0,98.64
degradees/JWYR4HHMJYST_occlusion3.png,occlusion,3,(01)03760000001014(17)280630(10)JD-001(21)JWYR4HHMJYST,,0,95.46
degradees/K5E268PN66YY_flou1.png,flou,1,(01)03760000001038(17)280630(10)JD-003(21)K5E268PN66YY,,0,91.76
degradees/K5E268PN66YY_flou2.png,flou,2,(01)03760000001038(17)280630(10)JD-003(21)K5E268PN66YY,,0,91.67
degradees/K5E268PN66YY_flou3.png,flou,3,(01)03760000001038(17)280630(10)JD-003(21)K5E268PN66YY,,0,90.67
degradees/K5E268PN66YY_occlusion1.png,occlusion,1,(01)03760000001038(17)280630(10)JD-003(21)K5E268PN66YY,(01)03760000001038(17)280630(10)JD-003(21)K5E268PN66YY,1,95.02
degradees/K5E268PN66YY_occlusion2.png,occlusion,2,(01)03760000001038(17)280630(10)JD-003(21)K5E268PN66YY,(01)03760000001038(17)280630(10)JD-003(21)K5E268PN66YY,1,94.03
degradees/K5E268PN66YY_occlusion3.png,occlusion,3,(01)03760000001038(17)280630(10)JD-003(21)K5E268PN66YY,,0,88.44
degradees/KDEPAJE8NQ59_flou1.png,flou,1,(01)03760000001014(17)280630(10)JD-001(21)KDEPAJE8NQ59,(01)03760000001014(17)280630(10)JD-001(21)KDEPAJE8NQ59,1,94.06
degradees/KDEPAJE8NQ59_flou2.png,flou,2,(01)03760000001014(17)280630(10)JD-001(21)KDEPAJE8NQ59,,0,135.4
degradees/KDEPAJE8NQ59_flou3.png,flou,3,(01)03760000001014(17)280630(10)JD-001(21)KDEPAJE8NQ59,,0,130.77
degradees/KDEPAJE8NQ59_occlusion1.png,occlusion,1,(01)03760000001014(17)280630(10)JD-001(21)KDEPAJE8NQ59,(01)03760000001014(17)280630(10)JD-001(21)KDEPAJE8NQ59,1,92.89
degradees/KDEPAJE8NQ59_occlusion2.png,occlusion,2,(01)03760000001014(17)280630(10)JD-001(21)KDEPAJE8NQ59,(01)03760000001014(17)280630(10)JD-001(21)KDEPAJE8NQ59,1,93.24
degradees/KDEPAJE8NQ59_occlusion3.png,occlusion,3,(01)03760000001014(17)280630(10)JD-001(21)KDEPAJE8NQ59,,0,95.46
degradees/KHK2VWW7KZ4H_flou1.png,flou,1,(01)03760000001045(17)280630(10)JD-004(21)KHK2VWW7KZ4H,(01)03760000001045(17)280630(10)JD-004(21)KHK2VWW7KZ4H,1,103.02
degradees/KHK2VWW7KZ4H_flou2.png,flou,2,(01)03760000001045(17)280630(10)JD-004(21)KHK2VWW7KZ4H,,0,106.29
degradees/KHK2VWW7KZ4H_flou3.png,flou,3,(01)03760000001045(17)280630(10)JD-004(21)KHK2VWW7KZ4H,,0,101.25
degradees/KHK2VWW7KZ4H_occlusion1.png,occlusion,1,(01)03760000001045(17)280630(10)JD-004(21)KHK2VWW7KZ4H,(01)03760000001045(17)280630(10)JD-004(21)KHK2VWW7KZ4H,1,100.69
degradees/KHK2VWW7KZ4H_occlusion2.png,occlusion,2,(01)03760000001045(17)280630(10)JD-004(21)KHK2VWW7KZ4H,(01)03760000001045(17)280630(10)JD-004(21)KHK2VWW7KZ4H,1,134.11
degradees/KHK2VWW7KZ4H_occlusion3.png,occlusion,3,(01)03760000001045(17)280630(10)JD-004(21)KHK2VWW7KZ4H,,0,155.62
degradees/KKX5JW6UFGYW_flou1.png,flou,1,(01)03760000001014(17)280630(10)JD-001(21)KKX5JW6UFGYW,(01)03760000001014(17)280630(10)JD-001(21)KKX5JW6UFGYW,1,169.5
degradees/KKX5JW6UFGYW_flou2.png,flou,2,(01)03760000001014(17)280630(10)JD-001(21)KKX5JW6UFGYW,,0,158.75
degradees/KKX5JW6UFGYW_flou3.png,flou,3,(01)03760000001014(17)280630(10)JD-001(21)KKX5JW6UFGYW,,0,117.48
degradees/KKX5JW6UFGYW_occlusion1.png,occlusion,1,(01)03760000001014(17)280630(10)JD-001(21)KKX5JW6UFGYW,,0,105.26
degradees/KKX5JW6UFGYW_occlusion2.png,occlusion,2,(01)03760000001014(17)280630(10)JD-001(21)KKX5JW6UFGYW,,0,101.26
degradees/KKX5JW6UFGYW_occlusion3.png,occlusion,3,(01)03760000001014(17)280630(10)JD-001(21)KKX5JW6UFGYW,,0,100.37
degradees/KNSP8ZB63PQ7_flou1.png,flou,1,(01)03760000001045(17)280630(10)JD-004(21)KNSP8ZB63PQ7,(01)03760000001045(17)280630(10)JD-004(21)KNSP8ZB63PQ7,1,141.59
degradees/KNSP8ZB63PQ7_flou2.png,flou,2,(01)03760000001045(17)280630(10)JD-004(21)KNSP8ZB63PQ7,(01)03760000001045(17)280630(10)JD-004(21)KNSP8ZB63PQ7,1,110.05
degradees/KNSP8ZB63PQ7_flou3.png,flou,3,(01)03760000001045(17)280630(10)JD-004(21)KNSP8ZB63PQ7,,0,107.47
degradees/KNSP8ZB63PQ7_occlusion1.png,occlusion,1,(01)03760000001045(17)280630(10)JD-004(21)KNSP8ZB63PQ7,(01)03760000001045(17)280630(10)JD-004(21)KNSP8ZB63PQ7,1,102.27
degradees/KNSP8ZB63PQ7_occlusion2.png,occlusion,2,(01)03760000001045(17)280630(10)JD-004(21)KNSP8ZB63PQ7,(01)03760000001045(17)280630(10)JD-004(21)KNSP8ZB63PQ7,1,109.14
degradees/KNSP8ZB63PQ7_occlusion3.png,occlusion,3,(01)03760000001045(17)280630(10)JD-004(21)KNSP8ZB63PQ7,,0,144.93
degradees/KWTW49SRYPSQ_flou1.png,flou,1,(01)03760000001045(17)280630(10)JD-004(21)KWTW49SRYPSQ,(01)03760000001045(17)280630(10)JD-004(21)KWTW49SRYPSQ,1,118.35
degradees/KWTW49SRYPSQ_flou2.png,flou,2,(01)03760000001045(17)280630(10)JD-004(21)KWTW49SRYPSQ,(01)03760000001045(17)280630(10)JD-004(21)KWTW49SRYPSQ,1,102.3
degradees/KWTW49SRYPSQ_flou3.png,flou,3,(01)03760000001045(17)280630(10)JD-004(21)KWTW49SRYPSQ,,0,104.67
degradees/KWTW49SRYPSQ_occlusion1.png,occlusion,1,(01)03760000001045(17)280630(10)JD-004(21)KWTW49SRYPSQ,(01)03760000001045(17)280630(10)JD-004(21)KWTW49SRYPSQ,1,110.87
degradees/KWTW49SRYPSQ_occlusion2.png,occlusion,2,(01)03760000001045(17)280630(10)JD-004(21)KWTW49SRYPSQ,,0,100.82
degradees/KWTW49SRYPSQ_occlusion3.png,occlusion,3,(01)03760000001045(17)280630(10)JD-004(21)KWTW49SRYPSQ,,0,102.84
degradees/KZPA2E624F39_flou1.png,flou,1,(01)03760000001038(17)280630(10)JD-003(21)KZPA2E624F39,(01)03760000001038(17)280630(10)JD-003(21)KZPA2E624F39,1,100.99
degradees/KZPA2E624F39_flou2.png,flou,2,(01)03760000001038(17)280630(10)JD-003(21)KZPA2E624F39,,0,114.06
degradees/KZPA2E624F39_flou3.png,flou,3,(01)03760000001038(17)280630(10)JD-003(21)KZPA2E624F39,,0,108.2
degradees/KZPA2E624F39_occlusion1.png,occlusion,1,(01)03760000001038(17)280630(10)JD-003(21)KZPA2E624F39,,0,171.23
degradees/KZPA2E624F39_occlusion2.png,occlusion,2,(01)03760000001038(17)280630(10)JD-003(21)KZPA2E624F39,(01)03760000001038(17)280630(10)JD-003(21)KZPA2E624F39,1,146.39
degradees/KZPA2E624F39_occlusion3.png,occlusion,3,(01)03760000001038(17)280630(10)JD-003(21)KZPA2E624F39,,0,106.68
degradees/M5WGQJAJAQS5_flou1.png,flou,1,(01)03760000001014(17)280630(10)JD-001(21)M5WGQJAJAQS5,(01)03760000001014(17)280630(10)JD-001(21)M5WGQJAJAQS5,1,98.51
degradees/M5WGQJAJAQS5_flou2.png,flou,2,(01)03760000001014(17)280630(10)JD-001(21)M5WGQJAJAQS5,(01)03760000001014(17)280630(10)JD-001(21)M5WGQJAJAQS5,1,105.6
degradees/M5WGQJAJAQS5_flou3.png,flou,3,(01)03760000001014(17)280630(10)JD-001(21)M5WGQJAJAQS5,,0,105.78
degradees/M5WGQJAJAQS5_occlusion1.png,occlusion,1,(01)03760000001014(17)280630(10)JD-001(21)M5WGQJAJAQS5,,0,99.79
degradees/M5WGQJAJAQS5_occlusion2.png,occlusion,2,(01)03760000001014(17)280630(10)JD-001(21)M5WGQJAJAQS5,(01)03760000001014(17)280630(10)JD-001(21)M5WGQJAJAQS5,1,102.37
degradees/M5WGQJAJAQS5_occlusion3.png,occlusion,3,(01)03760000001014(17)280630(10)JD-001(21)M5WGQJAJAQS5,,0,102.22
degradees/MYN3Z6KWTR55_flou1.png,flou,1,(01)03760000001014(17)280630(10)JD-001(21)MYN3Z6KWTR55,(01)03760000001014(17)280630(10)JD-001(21)MYN3Z6KWTR55,1,93.6
degradees/MYN3Z6KWTR55_flou2.png,flou,2,(01)03760000001014(17)280630(10)JD-001(21)MYN3Z6KWTR55,,0,91.42
degradees/MYN3Z6KWTR55_flou3.png,flou,3,(01)03760000001014(17)280630(10)JD-001(21)MYN3Z6KWTR55,,0,93.68
degradees/MYN3Z6KWTR55_occlusion1.png,occlusion,1,(01)03760000001014(17)280630(10)JD-001(21)MYN3Z6KWTR55,(01)03760000001014(17)280630(10)JD-001(21)MYN3Z6KWTR55,1,111.8
degradees/MYN3Z6KWTR55_occlusion2.png,occlusion,2,(01)03760000001014(17)280630(10)JD-001(21)MYN3Z6KWTR55,(01)03760000001014(17)280630(10)JD-001(21)MYN3Z6KWTR55,1,141.21
degradees/MYN3Z6KWTR55_occlusion3.png,occlusion,3,(01)03760000001014(17)280630(10)JD-001(21)MYN3Z6KWTR55,(01)03760000001014(17)280630(10)JD-001(21)MYN3Z6KWTR55,1,123.64
degradees/N4ZK3NTTHQVZ_flou1.png,flou,1,(01)03760000001021(17)280630(10)JD-002(21)N4ZK3NTTHQVZ,(01)03760000001021(17)280630(10)JD-002(21)N4ZK3NTTHQVZ,1,99.74
degradees/N4ZK3NTTHQVZ_flou2.png,flou,2,(01)03760000001021(17)280630(10)JD-002(21)N4ZK3NTTHQVZ,(01)03760000001021(17)280630(10)JD-002(21)N4ZK3NTTHQVZ,1,101.41
degradees/N4ZK3NTTHQVZ_flou3.png,flou,3,(01)03760000001021(17)280630(10)JD-002(21)N4ZK3NTTHQVZ,,0,113.15
degradees/N4ZK3NTTHQVZ_occlusion1.png,occlusion,1,(01)03760000001021(17)280630(10)JD-002(21)N4ZK3NTTHQVZ,(01)03760000001021(17)280630(10)JD-002(21)N4ZK3NTTHQVZ,1,133.55
degradees/N4ZK3NTTHQVZ_occlusion2.png,occlusion,2,(01)03760000001021(17)280630(10)JD-002(21)N4ZK3NTTHQVZ,,0,145.2
degradees/N4ZK3NTTHQVZ_occlusion3.png,occlusion,3,(01)03760000001021(17)280630(10)JD-002(21)N4ZK3NTTHQVZ,,0,138.09
degradees/NZ5XXFEBQVWQ_flou1.png,flou,1,(01)03760000001045(17)280630(10)JD-004(21)NZ5XXFEBQVWQ,(01)03760000001045(17)280630(10)JD-004(21)NZ5XXFEBQVWQ,1,144.76
degradees/NZ5XXFEBQVWQ_flou2.png,flou,2,(01)03760000001045(17)280630(10)JD-004(21)NZ5XXFEBQVWQ,(01)03760000001045(17)280630(10)JD-004(21)NZ5XXFEBQVWQ,1,161.04
degradees/NZ5XXFEBQVWQ_flou3.png,flou,3,(01)03760000001045(17)280630(10)JD-004(21)NZ5XXFEBQVWQ,,0,165.9
degradees/NZ5XXFEBQVWQ_occlusion1.png,occlusion,1,(01)03760000001045(17)280630(10)JD-004(21)NZ5XXFEBQVWQ,(01)03760000001045(17)280630(10)JD-004(21)NZ5XXFEBQVWQ,1,129.38
degradees/NZ5XXFEBQVWQ_occlusion2.png,occlusion,2,(01)03760000001045(17)280630(10)JD-004(21)NZ5XXFEBQVWQ,(01)03760000001045(17)280630(10)JD-004(21)NZ5XXFEBQVWQ,1,121.12
degradees/NZ5XXFEBQVWQ_occlusion3.png,occlusion,3,(01)03760000001045(17)280630(10)JD-004(21)NZ5XXFEBQVWQ,,0,122.43
degradees/P563G27CHA3T_flou1.png,flou,1,(01)03760000001045(17)280630(10)JD-004(21)P563G27CHA3T,(01)03760000001045(17)280630(10)JD-004(21)P563G27CHA3T,1,115.03
degradees/P563G27CHA3T_flou2.png,flou,2,(01)03760000001045(17)280630(10)JD-004(21)P563G27CHA3T,,0,115.43
degradees/P563G27CHA3T_flou3.png,flou,3,(01)03760000001045(17)280630(10)JD-004(21)P563G27CHA3T,,0,108.95
degradees/P563G27CHA3T_occlusion1.png,occlusion,1,(01)03760000001045(17)280630(10)JD-004(21)P563G27CHA3T,(01)03760000001045(17)280630(10)JD-004(21)P563G27CHA3T,1,109.71
degradees/P563G27CHA3T_occlusion2.png,occlusion,2,(01)03760000001045(17)280630(10)JD-004(21)P563G27CHA3T,(01)03760000001045(17)280630(10)JD-004(21)P563G27CHA3T,1,103.08
degradees/P563G27CHA3T_occlusion3.png,occlusion,3,(01)03760000001045(17)280630(10)JD-004(21)P563G27CHA3T,,0,136.02
degradees/Q2K5G9UFZRUQ_flou1.png,flou,1,(01)03760000001045(17)280630(10)JD-004(21)Q2K5G9UFZRUQ,(01)03760000001045(17)280630(10)JD-004(21)Q2K5G9UFZRUQ,1,165.73
degradees/Q2K5G9UFZRUQ_flou2.png,flou,2,(01)03760000001045(17)280630(10)JD-004(21)Q2K5G9UFZRUQ,,0,122.52
degradees/Q2K5G9UFZRUQ_flou3.png,flou,3,(01)03760000001045(17)280630(10)JD-004(21)Q2K5G9UFZRUQ,,0,114.16
degradees/Q2K5G9UFZRUQ_occlusion1.png,occlusion,1,(01)03760000001045(17)280630(10)JD-004(21)Q2K5G9UFZRUQ,(01)03760000001045(17)280630(10)JD-004(21)Q2K5G9UFZRUQ,1,136.2
degradees/Q2K5G9UFZRUQ_occlusion2.png,occlusion,2,(01)03760000001045(17)280630(10)JD-004(21)Q2K5G9UFZRUQ,(01)03760000001045(17)280630(10)JD-004(21)Q2K5G9UFZRUQ,1,139.11
degradees/Q2K5G9UFZRUQ_occlusion3.png,occlusion,3,(01)03760000001045(17)280630(10)JD-004(21)Q2K5G9UFZRUQ,,0,116.8
degradees/QQ8WP67NYAE9_flou1.png,flou,1,(01)03760000001045(17)280630(10)JD-004(21)QQ8WP67NYAE9,(01)03760000001045(17)280630(10)JD-004(21)QQ8WP67NYAE9,1,115.66
degradees/QQ8WP67NYAE9_flou2.png,flou,2,(01)03760000001045(17)280630(10)JD-004(21)QQ8WP67NYAE9,,0,114.72
degradees/QQ8WP67NYAE9_flou3.png,flou,3,(01)03760000001045(17)280630(10)JD-004(21)QQ8WP67NYAE9,,0,117.53
degradees/QQ8WP67NYAE9_occlusion1.png,occlusion,1,(01)03760000001045(17)280630(10)JD-004(21)QQ8WP67NYAE9,(01)03760000001045(17)280630(10)JD-004(21)QQ8WP67NYAE9,1,144.55
degradees/QQ8WP67NYAE9_occlusion2.png,occlusion,2,(01)03760000001045(17)280630(10)JD-004(21)QQ8WP67NYAE9,(01)03760000001045(17)280630(10)JD-004(21)QQ8WP67NYAE9,1,167.2
degradees/QQ8WP67NYAE9_occlusion3.png,occlusion,3,(01)03760000001045(17)280630(10)JD-004(21)QQ8WP67NYAE9,,0,120.77
degradees/QXWQJHNVBCEF_flou1.png,flou,1,(01)03760000001038(17)280630(10)JD-003(21)QXWQJHNVBCEF,(01)03760000001038(17)280630(10)JD-003(21)QXWQJHNVBCEF,1,120.63
degradees/QXWQJHNVBCEF_flou2.png,flou,2,(01)03760000001038(17)280630(10)JD-003(21)QXWQJHNVBCEF,(01)03760000001038(17)280630(10)JD-003(21)QXWQJHNVBCEF,1,105.43
degradees/QXWQJHNVBCEF_flou3.png,flou,3,(01)03760000001038(17)280630(10)JD-003(21)QXWQJHNVBCEF,(01)03760000001038(17)280630(10)JD-003(21)QXWQJHNVBCEF,1,104.66
degradees/QXWQJHNVBCEF_occlusion1.png,occlusion,1,(01)03760000001038(17)280630(10)JD-003(21)QXWQJHNVBCEF,(01)03760000001038(17)280630(10)JD-003(21)QXWQJHNVBCEF,1,101.1
degradees/QXWQJHNVBCEF_occlusion2.png,occlusion,2,(01)03760000001038(17)280630(10)JD-003(21)QXWQJHNVBCEF,,0,103.92
degradees/QXWQJHNVBCEF_occlusion3.png,occlusion,3,(01)03760000001038(17)280630(10)JD-003(21)QXWQJHNVBCEF,,0,98.34
degradees/R2BTMTRDB8K5_flou1.png,flou,1,(01)03760000001045(17)280630(10)JD-004(21)R2BTMTRDB8K5,(01)03760000001045(17)280630(10)JD-004(21)R2BTMTRDB8K5,1,101.0
degradees/R2BTMTRDB8K5_flou2.png,flou,2,(01)03760000001045(17)280630(10)JD-004(21)R2BTMTRDB8K5,,0,114.86
degradees/R2BTMTRDB8K5_flou3.png,flou,3,(01)03760000001045(17)280630(10)JD-004(21)R2BTMTRDB8K5,,0,131.63
degradees/R2BTMTRDB8K5_occlusion1.png,occlusion,1,(01)03760000001045(17)280630(10)JD-004(21)R2BTMTRDB8K5,(01)03760000001045(17)280630(10)JD-004(21)R2BTMTRDB8K5,1,144.91
degradees/R2BTMTRDB8K5_occlusion2.png,occlusion,2,(01)03760000001045(17)280630(10)JD-004(21)R2BTMTRDB8K5,(01)03760000001045(17)280630(10)JD-004(21)R2BTMTRDB8K5,1,108.26
degradees/R2BTMTRDB8K5_occlusion3.png,occlusion,3,(01)03760000001045(17)280630(10)JD-004(21)R2BTMTRDB8K5,,0,116.16
degradees/SEU4AGGCGF9T_flou1.png,flou,1,(01)03760000001021(17)280630(10)JD-002(21)SEU4AGGCGF9T,(01)03760000001021(17)280630(10)JD-002(21)SEU4AGGCGF9T,1,102.25
degradees/SEU4AGGCGF9T_flou2.png,flou,2,(01)03760000001021(17)280630(10)JD-002(21)SEU4AGGCGF9T,,0,104.26
degradees/SEU4AGGCGF9T_flou3.png,flou,3,(01)03760000001021(17)280630(10)JD-002(21)SEU4AGGCGF9T,,0,99.79
degradees/SEU4AGGCGF9T_occlusion1.png,occlusion,1,(01)03760000001021(17)280630(10)JD-002(21)SEU4AGGCGF9T,(01)03760000001021(17)280630(10)JD-002(21)SEU4AGGCGF9T,1,95.57
degradees/SEU4AGGCGF9T_occlusion2.png,occlusion,2,(01)03760000001021(17)280630(10)JD-002(21)SEU4AGGCGF9T,,0,100.34
degradees/SEU4AGGCGF9T_occlusion3.png,occlusion,3,(01)03760000001021(17)280630(10)JD-002(21)SEU4AGGCGF9T,,0,99.11
degradees/SGWJ2ZM59SG9_flou1.png,flou,1,(01)03760000001021(17)280630(10)JD-002(21)SGWJ2ZM59SG9,(01)03760000001021(17)280630(10)JD-002(21)SGWJ2ZM59SG9,1,99.0
degradees/SGWJ2ZM59SG9_flou2.png,flou,2,(01)03760000001021(17)280630(10)JD-002(21)SGWJ2ZM59SG9,(01)03760000001021(17)280630(10)JD-002(21)SGWJ2ZM59SG9,1,108.31
degradees/SGWJ2ZM59SG9_flou3.png,flou,3,(01)03760000001021(17)280630(10)JD-002(21)SGWJ2ZM59SG9,(01)03760000001021(17)280630(10)JD-002(21)SGWJ2ZM59SG9,1,150.74
degradees/SGWJ2ZM59SG9_occlusion1.png,occlusion,1,(01)03760000001021(17)280630(10)JD-002(21)SGWJ2ZM59SG9,(01)03760000001021(17)280630(10)JD-002(21)SGWJ2ZM59SG9,1,121.58
degradees/SGWJ2ZM59SG9_occlusion2.png,occlusion,2,(01)03760000001021(17)280630(10)JD-002(21)SGWJ2ZM59SG9,(01)03760000001021(17)280630(10)JD-002(21)SGWJ2ZM59SG9,1,103.82
degradees/SGWJ2ZM59SG9_occlusion3.png,occlusion,3,(01)03760000001021(17)280630(10)JD-002(21)SGWJ2ZM59SG9,,0,104.32
degradees/SRM7GEJZ9WVD_flou1.png,flou,1,(01)03760000001021(17)280630(10)JD-002(21)SRM7GEJZ9WVD,(01)03760000001021(17)280630(10)JD-002(21)SRM7GEJZ9WVD,1,101.02
degradees/SRM7GEJZ9WVD_flou2.png,flou,2,(01)03760000001021(17)280630(10)JD-002(21)SRM7GEJZ9WVD,,0,97.0
degradees/SRM7GEJZ9WVD_flou3.png,flou,3,(01)03760000001021(17)280630(10)JD-002(21)SRM7GEJZ9WVD,,0,97.26
degradees/SRM7GEJZ9WVD_occlusion1.png,occlusion,1,(01)03760000001021(17)280630(10)JD-002(21)SRM7GEJZ9WVD,,0,93.23
degradees/SRM7GEJZ9WVD_occlusion2.png,occlusion,2,(01)03760000001021(17)280630(10)JD-002(21)SRM7GEJZ9WVD,(01)03760000001021(17)280630(10)JD-002(21)SRM7GEJZ9WVD,1,93.91
degradees/SRM7GEJZ9WVD_occlusion3.png,occlusion,3,(01)03760000001021(17)280630(10)JD-002(21)SRM7GEJZ9WVD,,0,94.16
degradees/T8VEWN34PKXQ_flou1.png,flou,1,(01)03760000001014(17)280630(10)JD-001(21)T8VEWN34PKXQ,(01)03760000001014(17)280630(10)JD-001(21)T8VEWN34PKXQ,1,101.73
degradees/T8VEWN34PKXQ_flou2.png,flou,2,(01)03760000001014(17)280630(10)JD-001(21)T8VEWN34PKXQ,(01)03760000001014(17)280630(10)JD-001(21)T8VEWN34PKXQ,1,120.12
degradees/T8VEWN34PKXQ_flou3.png,flou,3,(01)03760000001014(17)280630(10)JD-001(21)T8VEWN34PKXQ,(01)03760000001014(17)280630(10)JD-001(21)T8VEWN34PKXQ,1,188.3
degradees/T8VEWN34PKXQ_occlusion1.png,occlusion,1,(01)03760000001014(17)280630(10)JD-001(21)T8VEWN34PKXQ,(01)03760000001014(17)280630(10)JD-001(21)T8VEWN34PKXQ,1,113.63
degradees/T8VEWN34PKXQ_occlusion2.png,occlusion,2,(01)03760000001014(17)280630(10)JD-001(21)T8VEWN34PKXQ,,0,111.6
degradees/T8VEWN34PKXQ_occlusion3.png,occlusion,3,(01)03760000001014(17)280630(10)JD-001(21)T8VEWN34PKXQ,,0,104.29
degradees/TCHDUCEHM3UZ_flou1.png,flou,1,(01)03760000001021(17)280630(10)JD-002(21)TCHDUCEHM3UZ,(01)03760000001021(17)280630(10)JD-002(21)TCHDUCEHM3UZ,1,107.97
degradees/TCHDUCEHM3UZ_flou2.png,flou,2,(01)03760000001021(17)280630(10)JD-002(21)TCHDUCEHM3UZ,(01)03760000001021(17)280630(10)JD-002(21)TCHDUCEHM3UZ,1,112.25
degradees/TCHDUCEHM3UZ_flou3.png,flou,3,(01)03760000001021(17)280630(10)JD-002(21)TCHDUCEHM3UZ,(01)03760000001021(17)280630(10)JD-002(21)TCHDUCEHM3UZ,1,101.73
degradees/TCHDUCEHM3UZ_occlusion1.png,occlusion,1,(01)03760000001021(17)280630(10)JD-002(21)TCHDUCEHM3UZ,(01)03760000001021(17)280630(10)JD-002(21)TCHDUCEHM3UZ,1,100.93
degradees/TCHDUCEHM3UZ_occlusion2.png,occlusion,2,(01)03760000001021(17)280630(10)JD-002(21)TCHDUCEHM3UZ,(01)03760000001021(17)280630(10)JD-002(21)TCHDUCEHM3UZ,1,97.35
degradees/TCHDUCEHM3UZ_occlusion3.png,occlusion,3,(01)03760000001021(17)280630(10)JD-002(21)TCHDUCEHM3UZ,,0,99.02
degradees/TWPZYC99YZFU_flou1.png,flou,1,(01)03760000001045(17)280630(10)JD-004(21)TWPZYC99YZFU,(01)03760000001045(17)280630(10)JD-004(21)TWPZYC99YZFU,1,110.86
degradees/TWPZYC99YZFU_flou2.png,flou,2,(01)03760000001045(17)280630(10)JD-004(21)TWPZYC99YZFU,(01)03760000001045(17)280630(10)JD-004(21)TWPZYC99YZFU,1,189.33
degradees/TWPZYC99YZFU_flou3.png,flou,3,(01)03760000001045(17)280630(10)JD-004(21)TWPZYC99YZFU,,0,104.86
degradees/TWPZYC99YZFU_occlusion1.png,occlusion,1,(01)03760000001045(17)280630(10)JD-004(21)TWPZYC99YZFU,(01)03760000001045(17)280630(10)JD-004(21)TWPZYC99YZFU,1,103.29
degradees/TWPZYC99YZFU_occlusion2.png,occlusion,2,(01)03760000001045(17)280630(10)JD-004(21)TWPZYC99YZFU,(01)03760000001045(17)280630(10)JD-004(21)TWPZYC99YZFU,1,102.05
degradees/TWPZYC99YZFU_occlusion3.png,occlusion,3,(01)03760000001045(17)280630(10)JD-004(21)TWPZYC99YZFU,,0,94.32
degradees/U5VG3UQUYG39_flou1.png,flou,1,(01)03760000001014(17)280630(10)JD-001(21)U5VG3UQUYG39,(01)03760000001014(17)280630(10)JD-001(21)U5VG3UQUYG39,1,94.63
degradees/U5VG3UQUYG39_flou2.png,flou,2,(01)03760000001014(17)280630(10)JD-001(21)U5VG3UQUYG39,,0,94.61
degradees/U5VG3UQUYG39_flou3.png,flou,3,(01)03760000001014(17)280630(10)JD-001(21)U5VG3UQUYG39,,0,96.63
degradees/U5VG3UQUYG39_occlusion1.png,occlusion,1,(01)03760000001014(17)280630(10)JD-001(21)U5VG3UQUYG39,(01)03760000001014(17)280630(10)JD-001(21)U5VG3UQUYG39,1,103.69
degradees/U5VG3UQUYG39_occlusion2.png,occlusion,2,(01)03760000001014(17)280630(10)JD-001(21)U5VG3UQUYG39,,0,98.2
degradees/U5VG3UQUYG39_occlusion3.png,occlusion,3,(01)03760000001014(17)280630(10)JD-001(21)U5VG3UQUYG39,,0,141.23
degradees/V6UZCQZJ8J9D_flou1.png,flou,1,(01)03760000001021(17)280630(10)JD-002(21)V6UZCQZJ8J9D,(01)03760000001021(17)280630(10)JD-002(21)V6UZCQZJ8J9D,1,190.81
degradees/V6UZCQZJ8J9D_flou2.png,flou,2,(01)03760000001021(17)280630(10)JD-002(21)V6UZCQZJ8J9D,,0,130.7
degradees/V6UZCQZJ8J9D_flou3.png,flou,3,(01)03760000001021(17)280630(10)JD-002(21)V6UZCQZJ8J9D,,0,108.88
degradees/V6UZCQZJ8J9D_occlusion1.png,occlusion,1,(01)03760000001021(17)280630(10)JD-002(21)V6UZCQZJ8J9D,(01)03760000001021(17)280630(10)JD-002(21)V6UZCQZJ8J9D,1,113.98
degradees/V6UZCQZJ8J9D_occlusion2.png,occlusion,2,(01)03760000001021(17)280630(10)JD-002(21)V6UZCQZJ8J9D,(01)03760000001021(17)280630(10)JD-002(21)V6UZCQZJ8J9D,1,123.18
degradees/V6UZCQZJ8J9D_occlusion3.png,occlusion,3,(01)03760000001021(17)280630(10)JD-002(21)V6UZCQZJ8J9D,,0,98.47
degradees/VGJZTGF24JT8_flou1.png,flou,1,(01)03760000001045(17)280630(10)JD-004(21)VGJZTGF24JT8,(01)03760000001045(17)280630(10)JD-004(21)VGJZTGF24JT8,1,107.23
degradees/VGJZTGF24JT8_flou2.png,flou,2,(01)03760000001045(17)280630(10)JD-004(21)VGJZTGF24JT8,(01)03760000001045(17)280630(10)JD-004(21)VGJZTGF24JT8,1,110.16
degradees/VGJZTGF24JT8_flou3.png,flou,3,(01)03760000001045(17)280630(10)JD-004(21)VGJZTGF24JT8,,0,106.46
degradees/VGJZTGF24JT8_occlusion1.png,occlusion,1,(01)03760000001045(17)280630(10)JD-004(21)VGJZTGF24JT8,(01)03760000001045(17)280630(10)JD-004(21)VGJZTGF24JT8,1,98.56
degradees/VGJZTGF24JT8_occlusion2.png,occlusion,2,(01)03760000001045(17)280630(10)JD-004(21)VGJZTGF24JT8,(01)03760000001045(17)280630(10)JD-004(21)VGJZTGF24JT8,1,112.09
degradees/VGJZTGF24JT8_occlusion3.png,occlusion,3,(01)03760000001045(17)280630(10)JD-004(21)VGJZTGF24JT8,,0,150.36
degradees/WANUJWZPKFSZ_flou1.png,flou,1,(01)03760000001045(17)280630(10)JD-004(21)WANUJWZPKFSZ,(01)03760000001045(17)280630(10)JD-004(21)WANUJWZPKFSZ,1,119.33
degradees/WANUJWZPKFSZ_flou2.png,flou,2,(01)03760000001045(17)280630(10)JD-004(21)WANUJWZPKFSZ,,0,101.99
degradees/WANUJWZPKFSZ_flou3.png,flou,3,(01)03760000001045(17)280630(10)JD-004(21)WANUJWZPKFSZ,,0,104.83
degradees/WANUJWZPKFSZ_occlusion1.png,occlusion,1,(01)03760000001045(17)280630(10)JD-004(21)WANUJWZPKFSZ,(01)03760000001045(17)280630(10)JD-004(21)WANUJWZPKFSZ,1,99.78
degradees/WANUJWZPKFSZ_occlusion2.png,occlusion,2,(01)03760000001045(17)280630(10)JD-004(21)WANUJWZPKFSZ,(01)03760000001045(17)280630(10)JD-004(21)WANUJWZPKFSZ,1,96.95
degradees/WANUJWZPKFSZ_occlusion3.png,occlusion,3,(01)03760000001045(17)280630(10)JD-004(21)WANUJWZPKFSZ,,0,99.21
degradees/WGWDQBDB3S4B_flou1.png,flou,1,(01)03760000001021(17)280630(10)JD-002(21)WGWDQBDB3S4B,(01)03760000001021(17)280630(10)JD-002(21)WGWDQBDB3S4B,1,103.82
degradees/WGWDQBDB3S4B_flou2.png,flou,2,(01)03760000001021(17)280630(10)JD-002(21)WGWDQBDB3S4B,(01)03760000001021(17)280630(10)JD-002(21)WGWDQBDB3S4B,1,134.68
degradees/WGWDQBDB3S4B_flou3.png,flou,3,(01)03760000001021(17)280630(10)JD-002(21)WGWDQBDB3S4B,(01)03760000001021(17)280630(10)JD-002(21)WGWDQBDB3S4B,1,158.47
degradees/WGWDQBDB3S4B_occlusion1.png,occlusion,1,(01)03760000001021(17)280630(10)JD-002(21)WGWDQBDB3S4B,(01)03760000001021(17)280630(10)JD-002(21)WGWDQBDB3S4B,1,173.35
degradees/WGWDQBDB3S4B_occlusion2.png,occlusion,2,(01)03760000001021(17)280630(10)JD-002(21)WGWDQBDB3S4B,,0,161.32
degradees/WGWDQBDB3S4B_occlusion3.png,occlusion,3,(01)03760000001021(17)280630(10)JD-002(21)WGWDQBDB3S4B,,0,138.9
degradees/X42GVSWJMYTF_flou1.png,flou,1,(01)03760000001038(17)280630(10)JD-003(21)X42GVSWJMYTF,(01)03760000001038(17)280630(10)JD-003(21)X42GVSWJMYTF,1,107.83
degradees/X42GVSWJMYTF_flou2.png,flou,2,(01)03760000001038(17)280630(10)JD-003(21)X42GVSWJMYTF,,0,95.67
degradees/X42GVSWJMYTF_flou3.png,flou,3,(01)03760000001038(17)280630(10)JD-003(21)X42GVSWJMYTF,,0,103.47
degradees/X42GVSWJMYTF_occlusion1.png,occlusion,1,(01)03760000001038(17)280630(10)JD-003(21)X42GVSWJMYTF,(01)03760000001038(17)280630(10)JD-003(21)X42GVSWJMYTF,1,103.3
degradees/X42GVSWJMYTF_occlusion2.png,occlusion,2,(01)03760000001038(17)280630(10)JD-003(21)X42GVSWJMYTF,,0,96.4
degradees/X42GVSWJMYTF_occlusion3.png,occlusion,3,(01)03760000001038(17)280630(10)JD-003(21)X42GVSWJMYTF,,0,121.68
degradees/X5XH6MC35VU6_flou1.png,flou,1,(01)03760000001038(17)280630(10)JD-003(21)X5XH6MC35VU6,(01)03760000001038(17)280630(10)JD-003(21)X5XH6MC35VU6,1,138.7
degradees/X5XH6MC35VU6_flou2.png,flou,2,(01)03760000001038(17)280630(10)JD-003(21)X5XH6MC35VU6,(01)03760000001038(17)280630(10)JD-003(21)X5XH6MC35VU6,1,634.62
degradees/X5XH6MC35VU6_flou3.png,flou,3,(01)03760000001038(17)280630(10)JD-003(21)X5XH6MC35VU6,(01)03760000001038(17)280630(10)JD-003(21)X5XH6MC35VU6,1,144.9
degradees/X5XH6MC35VU6_occlusion1.png,occlusion,1,(01)03760000001038(17)280630(10)JD-003(21)X5XH6MC35VU6,(01)03760000001038(17)280630(10)JD-003(21)X5XH6MC35VU6,1,121.85
degradees/X5XH6MC35VU6_occlusion2.png,occlusion,2,(01)03760000001038(17)280630(10)JD-003(21)X5XH6MC35VU6,(01)03760000001038(17)280630(10)JD-003(21)X5XH6MC35VU6,1,152.59
degradees/X5XH6MC35VU6_occlusion3.png,occlusion,3,(01)03760000001038(17)280630(10)JD-003(21)X5XH6MC35VU6,,0,139.03
degradees/X8N7AP8MGDA5_flou1.png,flou,1,(01)03760000001045(17)280630(10)JD-004(21)X8N7AP8MGDA5,(01)03760000001045(17)280630(10)JD-004(21)X8N7AP8MGDA5,1,109.9
degradees/X8N7AP8MGDA5_flou2.png,flou,2,(01)03760000001045(17)280630(10)JD-004(21)X8N7AP8MGDA5,(01)03760000001045(17)280630(10)JD-004(21)X8N7AP8MGDA5,1,112.12
degradees/X8N7AP8MGDA5_flou3.png,flou,3,(01)03760000001045(17)280630(10)JD-004(21)X8N7AP8MGDA5,,0,148.17
degradees/X8N7AP8MGDA5_occlusion1.png,occlusion,1,(01)03760000001045(17)280630(10)JD-004(21)X8N7AP8MGDA5,(01)03760000001045(17)280630(10)JD-004(21)X8N7AP8MGDA5,1,128.05
degradees/X8N7AP8MGDA5_occlusion2.png,occlusion,2,(01)03760000001045(17)280630(10)JD-004(21)X8N7AP8MGDA5,(01)03760000001045(17)280630(10)JD-004(21)X8N7AP8MGDA5,1,101.61
degradees/X8N7AP8MGDA5_occlusion3.png,occlusion,3,(01)03760000001045(17)280630(10)JD-004(21)X8N7AP8MGDA5,,0,99.6
degradees/XAD8P577VQYB_flou1.png,flou,1,(01)03760000001038(17)280630(10)JD-003(21)XAD8P577VQYB,(01)03760000001038(17)280630(10)JD-003(21)XAD8P577VQYB,1,117.06
degradees/XAD8P577VQYB_flou2.png,flou,2,(01)03760000001038(17)280630(10)JD-003(21)XAD8P577VQYB,(01)03760000001038(17)280630(10)JD-003(21)XAD8P577VQYB,1,110.4
degradees/XAD8P577VQYB_flou3.png,flou,3,(01)03760000001038(17)280630(10)JD-003(21)XAD8P577VQYB,(01)03760000001038(17)280630(10)JD-003(21)XAD8P577VQYB,1,106.44
degradees/XAD8P577VQYB_occlusion1.png,occlusion,1,(01)03760000001038(17)280630(10)JD-003(21)XAD8P577VQYB,(01)03760000001038(17)280630(10)JD-003(21)XAD8P577VQYB,1,101.76
degradees/XAD8P577VQYB_occlusion2.png,occlusion,2,(01)03760000001038(17)280630(10)JD-003(21)XAD8P577VQYB,(01)03760000001038(17)280630(10)JD-003(21)XAD8P577VQYB,1,97.89
degradees/XAD8P577VQYB_occlusion3.png,occlusion,3,(01)03760000001038(17)280630(10)JD-003(21)XAD8P577VQYB,,0,100.57
degradees/XZZPNRVGURYZ_flou1.png,flou,1,(01)03760000001045(17)280630(10)JD-004(21)XZZPNRVGURYZ,(01)03760000001045(17)280630(10)JD-004(21)XZZPNRVGURYZ,1,107.13
degradees/XZZPNRVGURYZ_flou2.png,flou,2,(01)03760000001045(17)280630(10)JD-004(21)XZZPNRVGURYZ,(01)03760000001045(17)280630(10)JD-004(21)XZZPNRVGURYZ,1,135.81
degradees/XZZPNRVGURYZ_flou3.png,flou,3,(01)03760000001045(17)280630(10)JD-004(21)XZZPNRVGURYZ,(01)03760000001045(17)280630(10)JD-004(21)XZZPNRVGURYZ,1,146.98
degradees/XZZPNRVGURYZ_occlusion1.png,occlusion,1,(01)03760000001045(17)280630(10)JD-004(21)XZZPNRVGURYZ,(01)03760000001045(17)280630(10)JD-004(21)XZZPNRVGURYZ,1,103.09
degradees/XZZPNRVGURYZ_occlusion2.png,occlusion,2,(01)03760000001045(17)280630(10)JD-004(21)XZZPNRVGURYZ,,0,102.08
degradees/XZZPNRVGURYZ_occlusion3.png,occlusion,3,(01)03760000001045(17)280630(10)JD-004(21)XZZPNRVGURYZ,,0,109.13
degradees/YEU3QGNJZNU2_flou1.png,flou,1,(01)03760000001045(17)280630(10)JD-004(21)YEU3QGNJZNU2,(01)03760000001045(17)280630(10)JD-004(21)YEU3QGNJZNU2,1,124.6
degradees/YEU3QGNJZNU2_flou2.png,flou,2,(01)03760000001045(17)280630(10)JD-004(21)YEU3QGNJZNU2,(01)03760000001045(17)280630(10)JD-004(21)YEU3QGNJZNU2,1,106.13
degradees/YEU3QGNJZNU2_flou3.png,flou,3,(01)03760000001045(17)280630(10)JD-004(21)YEU3QGNJZNU2,,0,105.41
degradees/YEU3QGNJZNU2_occlusion1.png,occlusion,1,(01)03760000001045(17)280630(10)JD-004(21)YEU3QGNJZNU2,(01)03760000001045(17)280630(10)JD-004(21)YEU3QGNJZNU2,1,98.73
degradees/YEU3QGNJZNU2_occlusion2.png,occlusion,2,(01)03760000001045(17)280630(10)JD-004(21)YEU3QGNJZNU2,,0,97.38
degradees/YEU3QGNJZNU2_occlusion3.png,occlusion,3,(01)03760000001045(17)280630(10)JD-004(21)YEU3QGNJZNU2,,0,105.04
degradees/YFMPEXF37RB5_flou1.png,flou,1,(01)03760000001038(17)280630(10)JD-003(21)YFMPEXF37RB5,(01)03760000001038(17)280630(10)JD-003(21)YFMPEXF37RB5,1,111.01
degradees/YFMPEXF37RB5_flou2.png,flou,2,(01)03760000001038(17)280630(10)JD-003(21)YFMPEXF37RB5,(01)03760000001038(17)280630(10)JD-003(21)YFMPEXF37RB5,1,149.86
degradees/YFMPEXF37RB5_flou3.png,flou,3,(01)03760000001038(17)280630(10)JD-003(21)YFMPEXF37RB5,,0,115.28
degradees/YFMPEXF37RB5_occlusion1.png,occlusion,1,(01)03760000001038(17)280630(10)JD-003(21)YFMPEXF37RB5,(01)03760000001038(17)280630(10)JD-003(21)YFMPEXF37RB5,1,103.5
degradees/YFMPEXF37RB5_occlusion2.png,occlusion,2,(01)03760000001038(17)280630(10)JD-003(21)YFMPEXF37RB5,(01)03760000001038(17)280630(10)JD-003(21)YFMPEXF37RB5,1,101.32
degradees/YFMPEXF37RB5_occlusion3.png,occlusion,3,(01)03760000001038(17)280630(10)JD-003(21)YFMPEXF37RB5,,0,99.44
degradees/YNXJ5BVB54E6_flou1.png,flou,1,(01)03760000001014(17)280630(10)JD-001(21)YNXJ5BVB54E6,(01)03760000001014(17)280630(10)JD-001(21)YNXJ5BVB54E6,1,100.27
degradees/YNXJ5BVB54E6_flou2.png,flou,2,(01)03760000001014(17)280630(10)JD-001(21)YNXJ5BVB54E6,,0,100.33
degradees/YNXJ5BVB54E6_flou3.png,flou,3,(01)03760000001014(17)280630(10)JD-001(21)YNXJ5BVB54E6,,0,98.28
degradees/YNXJ5BVB54E6_occlusion1.png,occlusion,1,(01)03760000001014(17)280630(10)JD-001(21)YNXJ5BVB54E6,(01)03760000001014(17)280630(10)JD-001(21)YNXJ5BVB54E6,1,93.54
degradees/YNXJ5BVB54E6_occlusion2.png,occlusion,2,(01)03760000001014(17)280630(10)JD-001(21)YNXJ5BVB54E6,(01)03760000001014(17)280630(10)JD-001(21)YNXJ5BVB54E6,1,90.76
degradees/YNXJ5BVB54E6_occlusion3.png,occlusion,3,(01)03760000001014(17)280630(10)JD-001(21)YNXJ5BVB54E6,,0,95.15
degradees/Z8M8BY6DAC87_flou1.png,flou,1,(01)03760000001021(17)280630(10)JD-002(21)Z8M8BY6DAC87,(01)03760000001021(17)280630(10)JD-002(21)Z8M8BY6DAC87,1,150.83
degradees/Z8M8BY6DAC87_flou2.png,flou,2,(01)03760000001021(17)280630(10)JD-002(21)Z8M8BY6DAC87,,0,137.05
degradees/Z8M8BY6DAC87_flou3.png,flou,3,(01)03760000001021(17)280630(10)JD-002(21)Z8M8BY6DAC87,,0,104.27
degradees/Z8M8BY6DAC87_occlusion1.png,occlusion,1,(01)03760000001021(17)280630(10)JD-002(21)Z8M8BY6DAC87,(01)03760000001021(17)280630(10)JD-002(21)Z8M8BY6DAC87,1,116.73
degradees/Z8M8BY6DAC87_occlusion2.png,occlusion,2,(01)03760000001021(17)280630(10)JD-002(21)Z8M8BY6DAC87,(01)03760000001021(17)280630(10)JD-002(21)Z8M8BY6DAC87,1,103.06
degradees/Z8M8BY6DAC87_occlusion3.png,occlusion,3,(01)03760000001021(17)280630(10)JD-002(21)Z8M8BY6DAC87,,0,100.11
degradees/ZA2Y3GYAE4CP_flou1.png,flou,1,(01)03760000001014(17)280630(10)JD-001(21)ZA2Y3GYAE4CP,(01)03760000001014(17)280630(10)JD-001(21)ZA2Y3GYAE4CP,1,100.34
degradees/ZA2Y3GYAE4CP_flou2.png,flou,2,(01)03760000001014(17)280630(10)JD-001(21)ZA2Y3GYAE4CP,,0,96.52
degradees/ZA2Y3GYAE4CP_flou3.png,flou,3,(01)03760000001014(17)280630(10)JD-001(21)ZA2Y3GYAE4CP,,0,101.62
degradees/ZA2Y3GYAE4CP_occlusion1.png,occlusion,1,(01)03760000001014(17)280630(10)JD-001(21)ZA2Y3GYAE4CP,(01)03760000001014(17)280630(10)JD-001(21)ZA2Y3GYAE4CP,1,98.4
degradees/ZA2Y3GYAE4CP_occlusion2.png,occlusion,2,(01)03760000001014(17)280630(10)JD-001(21)ZA2Y3GYAE4CP,(01)03760000001014(17)280630(10)JD-001(21)ZA2Y3GYAE4CP,1,97.04
degradees/ZA2Y3GYAE4CP_occlusion3.png,occlusion,3,(01)03760000001014(17)280630(10)JD-001(21)ZA2Y3GYAE4CP,,0,99.97
degradees/ZCSR2B2WDEXS_flou1.png,flou,1,(01)03760000001045(17)280630(10)JD-004(21)ZCSR2B2WDEXS,(01)03760000001045(17)280630(10)JD-004(21)ZCSR2B2WDEXS,1,141.35
degradees/ZCSR2B2WDEXS_flou2.png,flou,2,(01)03760000001045(17)280630(10)JD-004(21)ZCSR2B2WDEXS,(01)03760000001045(17)280630(10)JD-004(21)ZCSR2B2WDEXS,1,139.24
degradees/ZCSR2B2WDEXS_flou3.png,flou,3,(01)03760000001045(17)280630(10)JD-004(21)ZCSR2B2WDEXS,,0,104.34
degradees/ZCSR2B2WDEXS_occlusion1.png,occlusion,1,(01)03760000001045(17)280630(10)JD-004(21)ZCSR2B2WDEXS,(01)03760000001045(17)280630(10)JD-004(21)ZCSR2B2WDEXS,1,97.78
degradees/ZCSR2B2WDEXS_occlusion2.png,occlusion,2,(01)03760000001045(17)280630(10)JD-004(21)ZCSR2B2WDEXS,(01)03760000001045(17)280630(10)JD-004(21)ZCSR2B2WDEXS,1,96.05
degradees/ZCSR2B2WDEXS_occlusion3.png,occlusion,3,(01)03760000001045(17)280630(10)JD-004(21)ZCSR2B2WDEXS,,0,95.48
degradees/ZX9TNQM4FMJA_flou1.png,flou,1,(01)03760000001038(17)280630(10)JD-003(21)ZX9TNQM4FMJA,(01)03760000001038(17)280630(10)JD-003(21)ZX9TNQM4FMJA,1,94.66
degradees/ZX9TNQM4FMJA_flou2.png,flou,2,(01)03760000001038(17)280630(10)JD-003(21)ZX9TNQM4FMJA,,0,93.05
degradees/ZX9TNQM4FMJA_flou3.png,flou,3,(01)03760000001038(17)280630(10)JD-003(21)ZX9TNQM4FMJA,,0,96.59
degradees/ZX9TNQM4FMJA_occlusion1.png,occlusion,1,(01)03760000001038(17)280630(10)JD-003(21)ZX9TNQM4FMJA,(01)03760000001038(17)280630(10)JD-003(21)ZX9TNQM4FMJA,1,95.3
degradees/ZX9TNQM4FMJA_occlusion2.png,occlusion,2,(01)03760000001038(17)280630(10)JD-003(21)ZX9TNQM4FMJA,,0,96.87
degradees/ZX9TNQM4FMJA_occlusion3.png,occlusion,3,(01)03760000001038(17)280630(10)JD-003(21)ZX9TNQM4FMJA,,0,98.08
