ordre,numeroSerie,produit,lot,groupe
1,67B85JRMC752,Amoxicilline 500 mg,JD-002,test
2,H5GSTVP6AHZJ,Amoxicilline 500 mg,JD-002,test
3,TCHDUCEHM3UZ,Amoxicilline 500 mg,JD-002,test
4,9FWWBGMGJEDJ,Ibuprofene 400 mg,JD-003,test
5,E2VC7KN5WYSE,Ibuprofene 400 mg,JD-003,test
6,YFMPEXF37RB5,Ibuprofene 400 mg,JD-003,val
7,5SDT2XUTBUTJ,Metformine 850 mg,JD-004,test
8,6PJS7JW9JXZ3,Metformine 850 mg,JD-004,val
9,TWPZYC99YZFU,Metformine 850 mg,JD-004,test
10,87Q4GGZ9PC34,Paracetamol 500 mg,JD-001,test
11,BSZAJXR9ZP6M,Paracetamol 500 mg,JD-001,test
12,T8VEWN34PKXQ,Paracetamol 500 mg,JD-001,test
