fichier,numeroSerie,groupe
propres/24P7NWVJQSYX.png,24P7NWVJQSYX,train
propres/273ZQTW7PBNS.png,273ZQTW7PBNS,test
propres/44VBUM847WY8.png,44VBUM847WY8,val
propres/47Z4RKFRXWGN.png,47Z4RKFRXWGN,train
propres/4PYHFWDCS98N.png,4PYHFWDCS98N,train
propres/4ZUG8PC7F2DQ.png,4ZUG8PC7F2DQ,train
propres/54JRS6SF2HM2.png,54JRS6SF2HM2,test
propres/59F6Q6UDCNZJ.png,59F6Q6UDCNZJ,train
propres/5DSN8SK9VW9C.png,5DSN8SK9VW9C,train
propres/5K647N99HV29.png,5K647N99HV29,val
propres/5SDT2XUTBUTJ.png,5SDT2XUTBUTJ,test
propres/5WST9SDRBM7H.png,5WST9SDRBM7H,train
propres/62XE5E9T8WS3.png,62XE5E9T8WS3,train
propres/67B85JRMC752.png,67B85JRMC752,test
propres/6FFVWQE9FPF4.png,6FFVWQE9FPF4,val
propres/6M39XNCN9CBX.png,6M39XNCN9CBX,train
propres/6PJS7JW9JXZ3.png,6PJS7JW9JXZ3,val
propres/6SA8B95VKUSZ.png,6SA8B95VKUSZ,train
propres/7286S9BXWRUA.png,7286S9BXWRUA,train
propres/7348WR7PD5RW.png,7348WR7PD5RW,train
propres/7DA7QD4PBY7W.png,7DA7QD4PBY7W,val
propres/7WDEGGKNADCF.png,7WDEGGKNADCF,train
propres/7WJ3T5YX683X.png,7WJ3T5YX683X,test
propres/87Q4GGZ9PC34.png,87Q4GGZ9PC34,test
propres/9FWWBGMGJEDJ.png,9FWWBGMGJEDJ,test
propres/9RFVUR2XJUG7.png,9RFVUR2XJUG7,train
propres/9SDKR85UG4YX.png,9SDKR85UG4YX,train
propres/A4WV3V7CNZF5.png,A4WV3V7CNZF5,train
propres/AX9DY6DWCU6A.png,AX9DY6DWCU6A,train
propres/B22BUXF7NPSD.png,B22BUXF7NPSD,train
propres/B45TWQRYGWZ3.png,B45TWQRYGWZ3,train
propres/BSZAJXR9ZP6M.png,BSZAJXR9ZP6M,test
propres/BYMVU78WJK4N.png,BYMVU78WJK4N,train
propres/CAU4D9NCJGDS.png,CAU4D9NCJGDS,train
propres/CBV4W4999GA2.png,CBV4W4999GA2,train
propres/CCCVXFKDCGKN.png,CCCVXFKDCGKN,train
propres/CFJKTJ93C33J.png,CFJKTJ93C33J,train
propres/CXGGG6QJ4HP8.png,CXGGG6QJ4HP8,train
propres/DDTC76YYH86B.png,DDTC76YYH86B,train
propres/DUYA58ATYFNA.png,DUYA58ATYFNA,train
propres/DVY9Y3D5Y9H9.png,DVY9Y3D5Y9H9,train
propres/E2VC7KN5WYSE.png,E2VC7KN5WYSE,test
propres/FJYM8CXPNDN3.png,FJYM8CXPNDN3,train
propres/GAZSGFJYV4R9.png,GAZSGFJYV4R9,train
propres/GEWG4F7P34C2.png,GEWG4F7P34C2,train
propres/GG6NW7WVPK8U.png,GG6NW7WVPK8U,train
propres/GK6AUJ3FNB2A.png,GK6AUJ3FNB2A,train
propres/GN53K2KR29EQ.png,GN53K2KR29EQ,train
propres/GNJP32BC6A27.png,GNJP32BC6A27,train
propres/GSG77HV5P9YC.png,GSG77HV5P9YC,train
propres/GZEVRQX6C53B.png,GZEVRQX6C53B,train
propres/H5GSTVP6AHZJ.png,H5GSTVP6AHZJ,test
propres/H96SG6WPHHGF.png,H96SG6WPHHGF,train
propres/HM2DT6QHGQTG.png,HM2DT6QHGQTG,train
propres/HX57EJ35CSE2.png,HX57EJ35CSE2,train
propres/J65EVVKE9M8G.png,J65EVVKE9M8G,train
propres/J67PB2DDCXDR.png,J67PB2DDCXDR,train
propres/JAWD8EZPEMPH.png,JAWD8EZPEMPH,val
propres/JKVH5WPWFPFA.png,JKVH5WPWFPFA,val
propres/JWN3KT2TG4ZE.png,JWN3KT2TG4ZE,val
propres/JWYR4HHMJYST.png,JWYR4HHMJYST,train
propres/K5E268PN66YY.png,K5E268PN66YY,train
propres/KDEPAJE8NQ59.png,KDEPAJE8NQ59,train
propres/KHK2VWW7KZ4H.png,KHK2VWW7KZ4H,train
propres/KKX5JW6UFGYW.png,KKX5JW6UFGYW,train
propres/KNSP8ZB63PQ7.png,KNSP8ZB63PQ7,train
propres/KWTW49SRYPSQ.png,KWTW49SRYPSQ,train
propres/KZPA2E624F39.png,KZPA2E624F39,train
propres/M5WGQJAJAQS5.png,M5WGQJAJAQS5,test
propres/MYN3Z6KWTR55.png,MYN3Z6KWTR55,train
propres/N4ZK3NTTHQVZ.png,N4ZK3NTTHQVZ,train
propres/NZ5XXFEBQVWQ.png,NZ5XXFEBQVWQ,train
propres/P563G27CHA3T.png,P563G27CHA3T,train
propres/Q2K5G9UFZRUQ.png,Q2K5G9UFZRUQ,val
propres/QQ8WP67NYAE9.png,QQ8WP67NYAE9,train
propres/QXWQJHNVBCEF.png,QXWQJHNVBCEF,train
propres/R2BTMTRDB8K5.png,R2BTMTRDB8K5,train
propres/SEU4AGGCGF9T.png,SEU4AGGCGF9T,train
propres/SGWJ2ZM59SG9.png,SGWJ2ZM59SG9,train
propres/SRM7GEJZ9WVD.png,SRM7GEJZ9WVD,test
propres/T8VEWN34PKXQ.png,T8VEWN34PKXQ,test
propres/TCHDUCEHM3UZ.png,TCHDUCEHM3UZ,test
propres/TWPZYC99YZFU.png,TWPZYC99YZFU,test
propres/U5VG3UQUYG39.png,U5VG3UQUYG39,train
propres/V6UZCQZJ8J9D.png,V6UZCQZJ8J9D,train
propres/VGJZTGF24JT8.png,VGJZTGF24JT8,val
propres/WANUJWZPKFSZ.png,WANUJWZPKFSZ,val
propres/WGWDQBDB3S4B.png,WGWDQBDB3S4B,train
propres/X42GVSWJMYTF.png,X42GVSWJMYTF,train
propres/X5XH6MC35VU6.png,X5XH6MC35VU6,train
propres/X8N7AP8MGDA5.png,X8N7AP8MGDA5,val
propres/XAD8P577VQYB.png,XAD8P577VQYB,train
propres/XZZPNRVGURYZ.png,XZZPNRVGURYZ,val
propres/YEU3QGNJZNU2.png,YEU3QGNJZNU2,train
propres/YFMPEXF37RB5.png,YFMPEXF37RB5,val
propres/YNXJ5BVB54E6.png,YNXJ5BVB54E6,val
propres/Z8M8BY6DAC87.png,Z8M8BY6DAC87,train
propres/ZA2Y3GYAE4CP.png,ZA2Y3GYAE4CP,train
propres/ZCSR2B2WDEXS.png,ZCSR2B2WDEXS,train
propres/ZX9TNQM4FMJA.png,ZX9TNQM4FMJA,train
degradees/24P7NWVJQSYX_flou1.png,24P7NWVJQSYX,train
degradees/24P7NWVJQSYX_flou2.png,24P7NWVJQSYX,train
degradees/24P7NWVJQSYX_flou3.png,24P7NWVJQSYX,train
degradees/24P7NWVJQSYX_occlusion1.png,24P7NWVJQSYX,train
degradees/24P7NWVJQSYX_occlusion2.png,24P7NWVJQSYX,train
degradees/24P7NWVJQSYX_occlusion3.png,24P7NWVJQSYX,train
degradees/273ZQTW7PBNS_flou1.png,273ZQTW7PBNS,test
degradees/273ZQTW7PBNS_flou2.png,273ZQTW7PBNS,test
degradees/273ZQTW7PBNS_flou3.png,273ZQTW7PBNS,test
degradees/273ZQTW7PBNS_occlusion1.png,273ZQTW7PBNS,test
degradees/273ZQTW7PBNS_occlusion2.png,273ZQTW7PBNS,test
degradees/273ZQTW7PBNS_occlusion3.png,273ZQTW7PBNS,test
degradees/44VBUM847WY8_flou1.png,44VBUM847WY8,val
degradees/44VBUM847WY8_flou2.png,44VBUM847WY8,val
degradees/44VBUM847WY8_flou3.png,44VBUM847WY8,val
degradees/44VBUM847WY8_occlusion1.png,44VBUM847WY8,val
degradees/44VBUM847WY8_occlusion2.png,44VBUM847WY8,val
degradees/44VBUM847WY8_occlusion3.png,44VBUM847WY8,val
degradees/47Z4RKFRXWGN_flou1.png,47Z4RKFRXWGN,train
degradees/47Z4RKFRXWGN_flou2.png,47Z4RKFRXWGN,train
degradees/47Z4RKFRXWGN_flou3.png,47Z4RKFRXWGN,train
degradees/47Z4RKFRXWGN_occlusion1.png,47Z4RKFRXWGN,train
degradees/47Z4RKFRXWGN_occlusion2.png,47Z4RKFRXWGN,train
degradees/47Z4RKFRXWGN_occlusion3.png,47Z4RKFRXWGN,train
degradees/4PYHFWDCS98N_flou1.png,4PYHFWDCS98N,train
degradees/4PYHFWDCS98N_flou2.png,4PYHFWDCS98N,train
degradees/4PYHFWDCS98N_flou3.png,4PYHFWDCS98N,train
degradees/4PYHFWDCS98N_occlusion1.png,4PYHFWDCS98N,train
degradees/4PYHFWDCS98N_occlusion2.png,4PYHFWDCS98N,train
degradees/4PYHFWDCS98N_occlusion3.png,4PYHFWDCS98N,train
degradees/4ZUG8PC7F2DQ_flou1.png,4ZUG8PC7F2DQ,train
degradees/4ZUG8PC7F2DQ_flou2.png,4ZUG8PC7F2DQ,train
degradees/4ZUG8PC7F2DQ_flou3.png,4ZUG8PC7F2DQ,train
degradees/4ZUG8PC7F2DQ_occlusion1.png,4ZUG8PC7F2DQ,train
degradees/4ZUG8PC7F2DQ_occlusion2.png,4ZUG8PC7F2DQ,train
degradees/4ZUG8PC7F2DQ_occlusion3.png,4ZUG8PC7F2DQ,train
degradees/54JRS6SF2HM2_flou1.png,54JRS6SF2HM2,test
degradees/54JRS6SF2HM2_flou2.png,54JRS6SF2HM2,test
degradees/54JRS6SF2HM2_flou3.png,54JRS6SF2HM2,test
degradees/54JRS6SF2HM2_occlusion1.png,54JRS6SF2HM2,test
degradees/54JRS6SF2HM2_occlusion2.png,54JRS6SF2HM2,test
degradees/54JRS6SF2HM2_occlusion3.png,54JRS6SF2HM2,test
degradees/59F6Q6UDCNZJ_flou1.png,59F6Q6UDCNZJ,train
degradees/59F6Q6UDCNZJ_flou2.png,59F6Q6UDCNZJ,train
degradees/59F6Q6UDCNZJ_flou3.png,59F6Q6UDCNZJ,train
degradees/59F6Q6UDCNZJ_occlusion1.png,59F6Q6UDCNZJ,train
degradees/59F6Q6UDCNZJ_occlusion2.png,59F6Q6UDCNZJ,train
degradees/59F6Q6UDCNZJ_occlusion3.png,59F6Q6UDCNZJ,train
degradees/5DSN8SK9VW9C_flou1.png,5DSN8SK9VW9C,train
degradees/5DSN8SK9VW9C_flou2.png,5DSN8SK9VW9C,train
degradees/5DSN8SK9VW9C_flou3.png,5DSN8SK9VW9C,train
degradees/5DSN8SK9VW9C_occlusion1.png,5DSN8SK9VW9C,train
degradees/5DSN8SK9VW9C_occlusion2.png,5DSN8SK9VW9C,train
degradees/5DSN8SK9VW9C_occlusion3.png,5DSN8SK9VW9C,train
degradees/5K647N99HV29_flou1.png,5K647N99HV29,val
degradees/5K647N99HV29_flou2.png,5K647N99HV29,val
degradees/5K647N99HV29_flou3.png,5K647N99HV29,val
degradees/5K647N99HV29_occlusion1.png,5K647N99HV29,val
degradees/5K647N99HV29_occlusion2.png,5K647N99HV29,val
degradees/5K647N99HV29_occlusion3.png,5K647N99HV29,val
degradees/5SDT2XUTBUTJ_flou1.png,5SDT2XUTBUTJ,test
degradees/5SDT2XUTBUTJ_flou2.png,5SDT2XUTBUTJ,test
degradees/5SDT2XUTBUTJ_flou3.png,5SDT2XUTBUTJ,test
degradees/5SDT2XUTBUTJ_occlusion1.png,5SDT2XUTBUTJ,test
degradees/5SDT2XUTBUTJ_occlusion2.png,5SDT2XUTBUTJ,test
degradees/5SDT2XUTBUTJ_occlusion3.png,5SDT2XUTBUTJ,test
degradees/5WST9SDRBM7H_flou1.png,5WST9SDRBM7H,train
degradees/5WST9SDRBM7H_flou2.png,5WST9SDRBM7H,train
degradees/5WST9SDRBM7H_flou3.png,5WST9SDRBM7H,train
degradees/5WST9SDRBM7H_occlusion1.png,5WST9SDRBM7H,train
degradees/5WST9SDRBM7H_occlusion2.png,5WST9SDRBM7H,train
degradees/5WST9SDRBM7H_occlusion3.png,5WST9SDRBM7H,train
degradees/62XE5E9T8WS3_flou1.png,62XE5E9T8WS3,train
degradees/62XE5E9T8WS3_flou2.png,62XE5E9T8WS3,train
degradees/62XE5E9T8WS3_flou3.png,62XE5E9T8WS3,train
degradees/62XE5E9T8WS3_occlusion1.png,62XE5E9T8WS3,train
degradees/62XE5E9T8WS3_occlusion2.png,62XE5E9T8WS3,train
degradees/62XE5E9T8WS3_occlusion3.png,62XE5E9T8WS3,train
degradees/67B85JRMC752_flou1.png,67B85JRMC752,test
degradees/67B85JRMC752_flou2.png,67B85JRMC752,test
degradees/67B85JRMC752_flou3.png,67B85JRMC752,test
degradees/67B85JRMC752_occlusion1.png,67B85JRMC752,test
degradees/67B85JRMC752_occlusion2.png,67B85JRMC752,test
degradees/67B85JRMC752_occlusion3.png,67B85JRMC752,test
degradees/6FFVWQE9FPF4_flou1.png,6FFVWQE9FPF4,val
degradees/6FFVWQE9FPF4_flou2.png,6FFVWQE9FPF4,val
degradees/6FFVWQE9FPF4_flou3.png,6FFVWQE9FPF4,val
degradees/6FFVWQE9FPF4_occlusion1.png,6FFVWQE9FPF4,val
degradees/6FFVWQE9FPF4_occlusion2.png,6FFVWQE9FPF4,val
degradees/6FFVWQE9FPF4_occlusion3.png,6FFVWQE9FPF4,val
degradees/6M39XNCN9CBX_flou1.png,6M39XNCN9CBX,train
degradees/6M39XNCN9CBX_flou2.png,6M39XNCN9CBX,train
degradees/6M39XNCN9CBX_flou3.png,6M39XNCN9CBX,train
degradees/6M39XNCN9CBX_occlusion1.png,6M39XNCN9CBX,train
degradees/6M39XNCN9CBX_occlusion2.png,6M39XNCN9CBX,train
degradees/6M39XNCN9CBX_occlusion3.png,6M39XNCN9CBX,train
degradees/6PJS7JW9JXZ3_flou1.png,6PJS7JW9JXZ3,val
degradees/6PJS7JW9JXZ3_flou2.png,6PJS7JW9JXZ3,val
degradees/6PJS7JW9JXZ3_flou3.png,6PJS7JW9JXZ3,val
degradees/6PJS7JW9JXZ3_occlusion1.png,6PJS7JW9JXZ3,val
degradees/6PJS7JW9JXZ3_occlusion2.png,6PJS7JW9JXZ3,val
degradees/6PJS7JW9JXZ3_occlusion3.png,6PJS7JW9JXZ3,val
degradees/6SA8B95VKUSZ_flou1.png,6SA8B95VKUSZ,train
degradees/6SA8B95VKUSZ_flou2.png,6SA8B95VKUSZ,train
degradees/6SA8B95VKUSZ_flou3.png,6SA8B95VKUSZ,train
degradees/6SA8B95VKUSZ_occlusion1.png,6SA8B95VKUSZ,train
degradees/6SA8B95VKUSZ_occlusion2.png,6SA8B95VKUSZ,train
degradees/6SA8B95VKUSZ_occlusion3.png,6SA8B95VKUSZ,train
degradees/7286S9BXWRUA_flou1.png,7286S9BXWRUA,train
degradees/7286S9BXWRUA_flou2.png,7286S9BXWRUA,train
degradees/7286S9BXWRUA_flou3.png,7286S9BXWRUA,train
degradees/7286S9BXWRUA_occlusion1.png,7286S9BXWRUA,train
degradees/7286S9BXWRUA_occlusion2.png,7286S9BXWRUA,train
degradees/7286S9BXWRUA_occlusion3.png,7286S9BXWRUA,train
degradees/7348WR7PD5RW_flou1.png,7348WR7PD5RW,train
degradees/7348WR7PD5RW_flou2.png,7348WR7PD5RW,train
degradees/7348WR7PD5RW_flou3.png,7348WR7PD5RW,train
degradees/7348WR7PD5RW_occlusion1.png,7348WR7PD5RW,train
degradees/7348WR7PD5RW_occlusion2.png,7348WR7PD5RW,train
degradees/7348WR7PD5RW_occlusion3.png,7348WR7PD5RW,train
degradees/7DA7QD4PBY7W_flou1.png,7DA7QD4PBY7W,val
degradees/7DA7QD4PBY7W_flou2.png,7DA7QD4PBY7W,val
degradees/7DA7QD4PBY7W_flou3.png,7DA7QD4PBY7W,val
degradees/7DA7QD4PBY7W_occlusion1.png,7DA7QD4PBY7W,val
degradees/7DA7QD4PBY7W_occlusion2.png,7DA7QD4PBY7W,val
degradees/7DA7QD4PBY7W_occlusion3.png,7DA7QD4PBY7W,val
degradees/7WDEGGKNADCF_flou1.png,7WDEGGKNADCF,train
degradees/7WDEGGKNADCF_flou2.png,7WDEGGKNADCF,train
degradees/7WDEGGKNADCF_flou3.png,7WDEGGKNADCF,train
degradees/7WDEGGKNADCF_occlusion1.png,7WDEGGKNADCF,train
degradees/7WDEGGKNADCF_occlusion2.png,7WDEGGKNADCF,train
degradees/7WDEGGKNADCF_occlusion3.png,7WDEGGKNADCF,train
degradees/7WJ3T5YX683X_flou1.png,7WJ3T5YX683X,test
degradees/7WJ3T5YX683X_flou2.png,7WJ3T5YX683X,test
degradees/7WJ3T5YX683X_flou3.png,7WJ3T5YX683X,test
degradees/7WJ3T5YX683X_occlusion1.png,7WJ3T5YX683X,test
degradees/7WJ3T5YX683X_occlusion2.png,7WJ3T5YX683X,test
degradees/7WJ3T5YX683X_occlusion3.png,7WJ3T5YX683X,test
degradees/87Q4GGZ9PC34_flou1.png,87Q4GGZ9PC34,test
degradees/87Q4GGZ9PC34_flou2.png,87Q4GGZ9PC34,test
degradees/87Q4GGZ9PC34_flou3.png,87Q4GGZ9PC34,test
degradees/87Q4GGZ9PC34_occlusion1.png,87Q4GGZ9PC34,test
degradees/87Q4GGZ9PC34_occlusion2.png,87Q4GGZ9PC34,test
degradees/87Q4GGZ9PC34_occlusion3.png,87Q4GGZ9PC34,test
degradees/9FWWBGMGJEDJ_flou1.png,9FWWBGMGJEDJ,test
degradees/9FWWBGMGJEDJ_flou2.png,9FWWBGMGJEDJ,test
degradees/9FWWBGMGJEDJ_flou3.png,9FWWBGMGJEDJ,test
degradees/9FWWBGMGJEDJ_occlusion1.png,9FWWBGMGJEDJ,test
degradees/9FWWBGMGJEDJ_occlusion2.png,9FWWBGMGJEDJ,test
degradees/9FWWBGMGJEDJ_occlusion3.png,9FWWBGMGJEDJ,test
degradees/9RFVUR2XJUG7_flou1.png,9RFVUR2XJUG7,train
degradees/9RFVUR2XJUG7_flou2.png,9RFVUR2XJUG7,train
degradees/9RFVUR2XJUG7_flou3.png,9RFVUR2XJUG7,train
degradees/9RFVUR2XJUG7_occlusion1.png,9RFVUR2XJUG7,train
degradees/9RFVUR2XJUG7_occlusion2.png,9RFVUR2XJUG7,train
degradees/9RFVUR2XJUG7_occlusion3.png,9RFVUR2XJUG7,train
degradees/9SDKR85UG4YX_flou1.png,9SDKR85UG4YX,train
degradees/9SDKR85UG4YX_flou2.png,9SDKR85UG4YX,train
degradees/9SDKR85UG4YX_flou3.png,9SDKR85UG4YX,train
degradees/9SDKR85UG4YX_occlusion1.png,9SDKR85UG4YX,train
degradees/9SDKR85UG4YX_occlusion2.png,9SDKR85UG4YX,train
degradees/9SDKR85UG4YX_occlusion3.png,9SDKR85UG4YX,train
degradees/A4WV3V7CNZF5_flou1.png,A4WV3V7CNZF5,train
degradees/A4WV3V7CNZF5_flou2.png,A4WV3V7CNZF5,train
degradees/A4WV3V7CNZF5_flou3.png,A4WV3V7CNZF5,train
degradees/A4WV3V7CNZF5_occlusion1.png,A4WV3V7CNZF5,train
degradees/A4WV3V7CNZF5_occlusion2.png,A4WV3V7CNZF5,train
degradees/A4WV3V7CNZF5_occlusion3.png,A4WV3V7CNZF5,train
degradees/AX9DY6DWCU6A_flou1.png,AX9DY6DWCU6A,train
degradees/AX9DY6DWCU6A_flou2.png,AX9DY6DWCU6A,train
degradees/AX9DY6DWCU6A_flou3.png,AX9DY6DWCU6A,train
degradees/AX9DY6DWCU6A_occlusion1.png,AX9DY6DWCU6A,train
degradees/AX9DY6DWCU6A_occlusion2.png,AX9DY6DWCU6A,train
degradees/AX9DY6DWCU6A_occlusion3.png,AX9DY6DWCU6A,train
degradees/B22BUXF7NPSD_flou1.png,B22BUXF7NPSD,train
degradees/B22BUXF7NPSD_flou2.png,B22BUXF7NPSD,train
degradees/B22BUXF7NPSD_flou3.png,B22BUXF7NPSD,train
degradees/B22BUXF7NPSD_occlusion1.png,B22BUXF7NPSD,train
degradees/B22BUXF7NPSD_occlusion2.png,B22BUXF7NPSD,train
degradees/B22BUXF7NPSD_occlusion3.png,B22BUXF7NPSD,train
degradees/B45TWQRYGWZ3_flou1.png,B45TWQRYGWZ3,train
degradees/B45TWQRYGWZ3_flou2.png,B45TWQRYGWZ3,train
degradees/B45TWQRYGWZ3_flou3.png,B45TWQRYGWZ3,train
degradees/B45TWQRYGWZ3_occlusion1.png,B45TWQRYGWZ3,train
degradees/B45TWQRYGWZ3_occlusion2.png,B45TWQRYGWZ3,train
degradees/B45TWQRYGWZ3_occlusion3.png,B45TWQRYGWZ3,train
degradees/BSZAJXR9ZP6M_flou1.png,BSZAJXR9ZP6M,test
degradees/BSZAJXR9ZP6M_flou2.png,BSZAJXR9ZP6M,test
degradees/BSZAJXR9ZP6M_flou3.png,BSZAJXR9ZP6M,test
degradees/BSZAJXR9ZP6M_occlusion1.png,BSZAJXR9ZP6M,test
degradees/BSZAJXR9ZP6M_occlusion2.png,BSZAJXR9ZP6M,test
degradees/BSZAJXR9ZP6M_occlusion3.png,BSZAJXR9ZP6M,test
degradees/BYMVU78WJK4N_flou1.png,BYMVU78WJK4N,train
degradees/BYMVU78WJK4N_flou2.png,BYMVU78WJK4N,train
degradees/BYMVU78WJK4N_flou3.png,BYMVU78WJK4N,train
degradees/BYMVU78WJK4N_occlusion1.png,BYMVU78WJK4N,train
degradees/BYMVU78WJK4N_occlusion2.png,BYMVU78WJK4N,train
degradees/BYMVU78WJK4N_occlusion3.png,BYMVU78WJK4N,train
degradees/CAU4D9NCJGDS_flou1.png,CAU4D9NCJGDS,train
degradees/CAU4D9NCJGDS_flou2.png,CAU4D9NCJGDS,train
degradees/CAU4D9NCJGDS_flou3.png,CAU4D9NCJGDS,train
degradees/CAU4D9NCJGDS_occlusion1.png,CAU4D9NCJGDS,train
degradees/CAU4D9NCJGDS_occlusion2.png,CAU4D9NCJGDS,train
degradees/CAU4D9NCJGDS_occlusion3.png,CAU4D9NCJGDS,train
degradees/CBV4W4999GA2_flou1.png,CBV4W4999GA2,train
degradees/CBV4W4999GA2_flou2.png,CBV4W4999GA2,train
degradees/CBV4W4999GA2_flou3.png,CBV4W4999GA2,train
degradees/CBV4W4999GA2_occlusion1.png,CBV4W4999GA2,train
degradees/CBV4W4999GA2_occlusion2.png,CBV4W4999GA2,train
degradees/CBV4W4999GA2_occlusion3.png,CBV4W4999GA2,train
degradees/CCCVXFKDCGKN_flou1.png,CCCVXFKDCGKN,train
degradees/CCCVXFKDCGKN_flou2.png,CCCVXFKDCGKN,train
degradees/CCCVXFKDCGKN_flou3.png,CCCVXFKDCGKN,train
degradees/CCCVXFKDCGKN_occlusion1.png,CCCVXFKDCGKN,train
degradees/CCCVXFKDCGKN_occlusion2.png,CCCVXFKDCGKN,train
degradees/CCCVXFKDCGKN_occlusion3.png,CCCVXFKDCGKN,train
degradees/CFJKTJ93C33J_flou1.png,CFJKTJ93C33J,train
degradees/CFJKTJ93C33J_flou2.png,CFJKTJ93C33J,train
degradees/CFJKTJ93C33J_flou3.png,CFJKTJ93C33J,train
degradees/CFJKTJ93C33J_occlusion1.png,CFJKTJ93C33J,train
degradees/CFJKTJ93C33J_occlusion2.png,CFJKTJ93C33J,train
degradees/CFJKTJ93C33J_occlusion3.png,CFJKTJ93C33J,train
degradees/CXGGG6QJ4HP8_flou1.png,CXGGG6QJ4HP8,train
degradees/CXGGG6QJ4HP8_flou2.png,CXGGG6QJ4HP8,train
degradees/CXGGG6QJ4HP8_flou3.png,CXGGG6QJ4HP8,train
degradees/CXGGG6QJ4HP8_occlusion1.png,CXGGG6QJ4HP8,train
degradees/CXGGG6QJ4HP8_occlusion2.png,CXGGG6QJ4HP8,train
degradees/CXGGG6QJ4HP8_occlusion3.png,CXGGG6QJ4HP8,train
degradees/DDTC76YYH86B_flou1.png,DDTC76YYH86B,train
degradees/DDTC76YYH86B_flou2.png,DDTC76YYH86B,train
degradees/DDTC76YYH86B_flou3.png,DDTC76YYH86B,train
degradees/DDTC76YYH86B_occlusion1.png,DDTC76YYH86B,train
degradees/DDTC76YYH86B_occlusion2.png,DDTC76YYH86B,train
degradees/DDTC76YYH86B_occlusion3.png,DDTC76YYH86B,train
degradees/DUYA58ATYFNA_flou1.png,DUYA58ATYFNA,train
degradees/DUYA58ATYFNA_flou2.png,DUYA58ATYFNA,train
degradees/DUYA58ATYFNA_flou3.png,DUYA58ATYFNA,train
degradees/DUYA58ATYFNA_occlusion1.png,DUYA58ATYFNA,train
degradees/DUYA58ATYFNA_occlusion2.png,DUYA58ATYFNA,train
degradees/DUYA58ATYFNA_occlusion3.png,DUYA58ATYFNA,train
degradees/DVY9Y3D5Y9H9_flou1.png,DVY9Y3D5Y9H9,train
degradees/DVY9Y3D5Y9H9_flou2.png,DVY9Y3D5Y9H9,train
degradees/DVY9Y3D5Y9H9_flou3.png,DVY9Y3D5Y9H9,train
degradees/DVY9Y3D5Y9H9_occlusion1.png,DVY9Y3D5Y9H9,train
degradees/DVY9Y3D5Y9H9_occlusion2.png,DVY9Y3D5Y9H9,train
degradees/DVY9Y3D5Y9H9_occlusion3.png,DVY9Y3D5Y9H9,train
degradees/E2VC7KN5WYSE_flou1.png,E2VC7KN5WYSE,test
degradees/E2VC7KN5WYSE_flou2.png,E2VC7KN5WYSE,test
degradees/E2VC7KN5WYSE_flou3.png,E2VC7KN5WYSE,test
degradees/E2VC7KN5WYSE_occlusion1.png,E2VC7KN5WYSE,test
degradees/E2VC7KN5WYSE_occlusion2.png,E2VC7KN5WYSE,test
degradees/E2VC7KN5WYSE_occlusion3.png,E2VC7KN5WYSE,test
degradees/FJYM8CXPNDN3_flou1.png,FJYM8CXPNDN3,train
degradees/FJYM8CXPNDN3_flou2.png,FJYM8CXPNDN3,train
degradees/FJYM8CXPNDN3_flou3.png,FJYM8CXPNDN3,train
degradees/FJYM8CXPNDN3_occlusion1.png,FJYM8CXPNDN3,train
degradees/FJYM8CXPNDN3_occlusion2.png,FJYM8CXPNDN3,train
degradees/FJYM8CXPNDN3_occlusion3.png,FJYM8CXPNDN3,train
degradees/GAZSGFJYV4R9_flou1.png,GAZSGFJYV4R9,train
degradees/GAZSGFJYV4R9_flou2.png,GAZSGFJYV4R9,train
degradees/GAZSGFJYV4R9_flou3.png,GAZSGFJYV4R9,train
degradees/GAZSGFJYV4R9_occlusion1.png,GAZSGFJYV4R9,train
degradees/GAZSGFJYV4R9_occlusion2.png,GAZSGFJYV4R9,train
degradees/GAZSGFJYV4R9_occlusion3.png,GAZSGFJYV4R9,train
degradees/GEWG4F7P34C2_flou1.png,GEWG4F7P34C2,train
degradees/GEWG4F7P34C2_flou2.png,GEWG4F7P34C2,train
degradees/GEWG4F7P34C2_flou3.png,GEWG4F7P34C2,train
degradees/GEWG4F7P34C2_occlusion1.png,GEWG4F7P34C2,train
degradees/GEWG4F7P34C2_occlusion2.png,GEWG4F7P34C2,train
degradees/GEWG4F7P34C2_occlusion3.png,GEWG4F7P34C2,train
degradees/GG6NW7WVPK8U_flou1.png,GG6NW7WVPK8U,train
degradees/GG6NW7WVPK8U_flou2.png,GG6NW7WVPK8U,train
degradees/GG6NW7WVPK8U_flou3.png,GG6NW7WVPK8U,train
degradees/GG6NW7WVPK8U_occlusion1.png,GG6NW7WVPK8U,train
degradees/GG6NW7WVPK8U_occlusion2.png,GG6NW7WVPK8U,train
degradees/GG6NW7WVPK8U_occlusion3.png,GG6NW7WVPK8U,train
degradees/GK6AUJ3FNB2A_flou1.png,GK6AUJ3FNB2A,train
degradees/GK6AUJ3FNB2A_flou2.png,GK6AUJ3FNB2A,train
degradees/GK6AUJ3FNB2A_flou3.png,GK6AUJ3FNB2A,train
degradees/GK6AUJ3FNB2A_occlusion1.png,GK6AUJ3FNB2A,train
degradees/GK6AUJ3FNB2A_occlusion2.png,GK6AUJ3FNB2A,train
degradees/GK6AUJ3FNB2A_occlusion3.png,GK6AUJ3FNB2A,train
degradees/GN53K2KR29EQ_flou1.png,GN53K2KR29EQ,train
degradees/GN53K2KR29EQ_flou2.png,GN53K2KR29EQ,train
degradees/GN53K2KR29EQ_flou3.png,GN53K2KR29EQ,train
degradees/GN53K2KR29EQ_occlusion1.png,GN53K2KR29EQ,train
degradees/GN53K2KR29EQ_occlusion2.png,GN53K2KR29EQ,train
degradees/GN53K2KR29EQ_occlusion3.png,GN53K2KR29EQ,train
degradees/GNJP32BC6A27_flou1.png,GNJP32BC6A27,train
degradees/GNJP32BC6A27_flou2.png,GNJP32BC6A27,train
degradees/GNJP32BC6A27_flou3.png,GNJP32BC6A27,train
degradees/GNJP32BC6A27_occlusion1.png,GNJP32BC6A27,train
degradees/GNJP32BC6A27_occlusion2.png,GNJP32BC6A27,train
degradees/GNJP32BC6A27_occlusion3.png,GNJP32BC6A27,train
degradees/GSG77HV5P9YC_flou1.png,GSG77HV5P9YC,train
degradees/GSG77HV5P9YC_flou2.png,GSG77HV5P9YC,train
degradees/GSG77HV5P9YC_flou3.png,GSG77HV5P9YC,train
degradees/GSG77HV5P9YC_occlusion1.png,GSG77HV5P9YC,train
degradees/GSG77HV5P9YC_occlusion2.png,GSG77HV5P9YC,train
degradees/GSG77HV5P9YC_occlusion3.png,GSG77HV5P9YC,train
degradees/GZEVRQX6C53B_flou1.png,GZEVRQX6C53B,train
degradees/GZEVRQX6C53B_flou2.png,GZEVRQX6C53B,train
degradees/GZEVRQX6C53B_flou3.png,GZEVRQX6C53B,train
degradees/GZEVRQX6C53B_occlusion1.png,GZEVRQX6C53B,train
degradees/GZEVRQX6C53B_occlusion2.png,GZEVRQX6C53B,train
degradees/GZEVRQX6C53B_occlusion3.png,GZEVRQX6C53B,train
degradees/H5GSTVP6AHZJ_flou1.png,H5GSTVP6AHZJ,test
degradees/H5GSTVP6AHZJ_flou2.png,H5GSTVP6AHZJ,test
degradees/H5GSTVP6AHZJ_flou3.png,H5GSTVP6AHZJ,test
degradees/H5GSTVP6AHZJ_occlusion1.png,H5GSTVP6AHZJ,test
degradees/H5GSTVP6AHZJ_occlusion2.png,H5GSTVP6AHZJ,test
degradees/H5GSTVP6AHZJ_occlusion3.png,H5GSTVP6AHZJ,test
degradees/H96SG6WPHHGF_flou1.png,H96SG6WPHHGF,train
degradees/H96SG6WPHHGF_flou2.png,H96SG6WPHHGF,train
degradees/H96SG6WPHHGF_flou3.png,H96SG6WPHHGF,train
degradees/H96SG6WPHHGF_occlusion1.png,H96SG6WPHHGF,train
degradees/H96SG6WPHHGF_occlusion2.png,H96SG6WPHHGF,train
degradees/H96SG6WPHHGF_occlusion3.png,H96SG6WPHHGF,train
degradees/HM2DT6QHGQTG_flou1.png,HM2DT6QHGQTG,train
degradees/HM2DT6QHGQTG_flou2.png,HM2DT6QHGQTG,train
degradees/HM2DT6QHGQTG_flou3.png,HM2DT6QHGQTG,train
degradees/HM2DT6QHGQTG_occlusion1.png,HM2DT6QHGQTG,train
degradees/HM2DT6QHGQTG_occlusion2.png,HM2DT6QHGQTG,train
degradees/HM2DT6QHGQTG_occlusion3.png,HM2DT6QHGQTG,train
degradees/HX57EJ35CSE2_flou1.png,HX57EJ35CSE2,train
degradees/HX57EJ35CSE2_flou2.png,HX57EJ35CSE2,train
degradees/HX57EJ35CSE2_flou3.png,HX57EJ35CSE2,train
degradees/HX57EJ35CSE2_occlusion1.png,HX57EJ35CSE2,train
degradees/HX57EJ35CSE2_occlusion2.png,HX57EJ35CSE2,train
degradees/HX57EJ35CSE2_occlusion3.png,HX57EJ35CSE2,train
degradees/J65EVVKE9M8G_flou1.png,J65EVVKE9M8G,train
degradees/J65EVVKE9M8G_flou2.png,J65EVVKE9M8G,train
degradees/J65EVVKE9M8G_flou3.png,J65EVVKE9M8G,train
degradees/J65EVVKE9M8G_occlusion1.png,J65EVVKE9M8G,train
degradees/J65EVVKE9M8G_occlusion2.png,J65EVVKE9M8G,train
degradees/J65EVVKE9M8G_occlusion3.png,J65EVVKE9M8G,train
degradees/J67PB2DDCXDR_flou1.png,J67PB2DDCXDR,train
degradees/J67PB2DDCXDR_flou2.png,J67PB2DDCXDR,train
degradees/J67PB2DDCXDR_flou3.png,J67PB2DDCXDR,train
degradees/J67PB2DDCXDR_occlusion1.png,J67PB2DDCXDR,train
degradees/J67PB2DDCXDR_occlusion2.png,J67PB2DDCXDR,train
degradees/J67PB2DDCXDR_occlusion3.png,J67PB2DDCXDR,train
degradees/JAWD8EZPEMPH_flou1.png,JAWD8EZPEMPH,val
degradees/JAWD8EZPEMPH_flou2.png,JAWD8EZPEMPH,val
degradees/JAWD8EZPEMPH_flou3.png,JAWD8EZPEMPH,val
degradees/JAWD8EZPEMPH_occlusion1.png,JAWD8EZPEMPH,val
degradees/JAWD8EZPEMPH_occlusion2.png,JAWD8EZPEMPH,val
degradees/JAWD8EZPEMPH_occlusion3.png,JAWD8EZPEMPH,val
degradees/JKVH5WPWFPFA_flou1.png,JKVH5WPWFPFA,val
degradees/JKVH5WPWFPFA_flou2.png,JKVH5WPWFPFA,val
degradees/JKVH5WPWFPFA_flou3.png,JKVH5WPWFPFA,val
degradees/JKVH5WPWFPFA_occlusion1.png,JKVH5WPWFPFA,val
degradees/JKVH5WPWFPFA_occlusion2.png,JKVH5WPWFPFA,val
degradees/JKVH5WPWFPFA_occlusion3.png,JKVH5WPWFPFA,val
degradees/JWN3KT2TG4ZE_flou1.png,JWN3KT2TG4ZE,val
degradees/JWN3KT2TG4ZE_flou2.png,JWN3KT2TG4ZE,val
degradees/JWN3KT2TG4ZE_flou3.png,JWN3KT2TG4ZE,val
degradees/JWN3KT2TG4ZE_occlusion1.png,JWN3KT2TG4ZE,val
degradees/JWN3KT2TG4ZE_occlusion2.png,JWN3KT2TG4ZE,val
degradees/JWN3KT2TG4ZE_occlusion3.png,JWN3KT2TG4ZE,val
degradees/JWYR4HHMJYST_flou1.png,JWYR4HHMJYST,train
degradees/JWYR4HHMJYST_flou2.png,JWYR4HHMJYST,train
degradees/JWYR4HHMJYST_flou3.png,JWYR4HHMJYST,train
degradees/JWYR4HHMJYST_occlusion1.png,JWYR4HHMJYST,train
degradees/JWYR4HHMJYST_occlusion2.png,JWYR4HHMJYST,train
degradees/JWYR4HHMJYST_occlusion3.png,JWYR4HHMJYST,train
degradees/K5E268PN66YY_flou1.png,K5E268PN66YY,train
degradees/K5E268PN66YY_flou2.png,K5E268PN66YY,train
degradees/K5E268PN66YY_flou3.png,K5E268PN66YY,train
degradees/K5E268PN66YY_occlusion1.png,K5E268PN66YY,train
degradees/K5E268PN66YY_occlusion2.png,K5E268PN66YY,train
degradees/K5E268PN66YY_occlusion3.png,K5E268PN66YY,train
degradees/KDEPAJE8NQ59_flou1.png,KDEPAJE8NQ59,train
degradees/KDEPAJE8NQ59_flou2.png,KDEPAJE8NQ59,train
degradees/KDEPAJE8NQ59_flou3.png,KDEPAJE8NQ59,train
degradees/KDEPAJE8NQ59_occlusion1.png,KDEPAJE8NQ59,train
degradees/KDEPAJE8NQ59_occlusion2.png,KDEPAJE8NQ59,train
degradees/KDEPAJE8NQ59_occlusion3.png,KDEPAJE8NQ59,train
degradees/KHK2VWW7KZ4H_flou1.png,KHK2VWW7KZ4H,train
degradees/KHK2VWW7KZ4H_flou2.png,KHK2VWW7KZ4H,train
degradees/KHK2VWW7KZ4H_flou3.png,KHK2VWW7KZ4H,train
degradees/KHK2VWW7KZ4H_occlusion1.png,KHK2VWW7KZ4H,train
degradees/KHK2VWW7KZ4H_occlusion2.png,KHK2VWW7KZ4H,train
degradees/KHK2VWW7KZ4H_occlusion3.png,KHK2VWW7KZ4H,train
degradees/KKX5JW6UFGYW_flou1.png,KKX5JW6UFGYW,train
degradees/KKX5JW6UFGYW_flou2.png,KKX5JW6UFGYW,train
degradees/KKX5JW6UFGYW_flou3.png,KKX5JW6UFGYW,train
degradees/KKX5JW6UFGYW_occlusion1.png,KKX5JW6UFGYW,train
degradees/KKX5JW6UFGYW_occlusion2.png,KKX5JW6UFGYW,train
degradees/KKX5JW6UFGYW_occlusion3.png,KKX5JW6UFGYW,train
degradees/KNSP8ZB63PQ7_flou1.png,KNSP8ZB63PQ7,train
degradees/KNSP8ZB63PQ7_flou2.png,KNSP8ZB63PQ7,train
degradees/KNSP8ZB63PQ7_flou3.png,KNSP8ZB63PQ7,train
degradees/KNSP8ZB63PQ7_occlusion1.png,KNSP8ZB63PQ7,train
degradees/KNSP8ZB63PQ7_occlusion2.png,KNSP8ZB63PQ7,train
degradees/KNSP8ZB63PQ7_occlusion3.png,KNSP8ZB63PQ7,train
degradees/KWTW49SRYPSQ_flou1.png,KWTW49SRYPSQ,train
degradees/KWTW49SRYPSQ_flou2.png,KWTW49SRYPSQ,train
degradees/KWTW49SRYPSQ_flou3.png,KWTW49SRYPSQ,train
degradees/KWTW49SRYPSQ_occlusion1.png,KWTW49SRYPSQ,train
degradees/KWTW49SRYPSQ_occlusion2.png,KWTW49SRYPSQ,train
degradees/KWTW49SRYPSQ_occlusion3.png,KWTW49SRYPSQ,train
degradees/KZPA2E624F39_flou1.png,KZPA2E624F39,train
degradees/KZPA2E624F39_flou2.png,KZPA2E624F39,train
degradees/KZPA2E624F39_flou3.png,KZPA2E624F39,train
degradees/KZPA2E624F39_occlusion1.png,KZPA2E624F39,train
degradees/KZPA2E624F39_occlusion2.png,KZPA2E624F39,train
degradees/KZPA2E624F39_occlusion3.png,KZPA2E624F39,train
degradees/M5WGQJAJAQS5_flou1.png,M5WGQJAJAQS5,test
degradees/M5WGQJAJAQS5_flou2.png,M5WGQJAJAQS5,test
degradees/M5WGQJAJAQS5_flou3.png,M5WGQJAJAQS5,test
degradees/M5WGQJAJAQS5_occlusion1.png,M5WGQJAJAQS5,test
degradees/M5WGQJAJAQS5_occlusion2.png,M5WGQJAJAQS5,test
degradees/M5WGQJAJAQS5_occlusion3.png,M5WGQJAJAQS5,test
degradees/MYN3Z6KWTR55_flou1.png,MYN3Z6KWTR55,train
degradees/MYN3Z6KWTR55_flou2.png,MYN3Z6KWTR55,train
degradees/MYN3Z6KWTR55_flou3.png,MYN3Z6KWTR55,train
degradees/MYN3Z6KWTR55_occlusion1.png,MYN3Z6KWTR55,train
degradees/MYN3Z6KWTR55_occlusion2.png,MYN3Z6KWTR55,train
degradees/MYN3Z6KWTR55_occlusion3.png,MYN3Z6KWTR55,train
degradees/N4ZK3NTTHQVZ_flou1.png,N4ZK3NTTHQVZ,train
degradees/N4ZK3NTTHQVZ_flou2.png,N4ZK3NTTHQVZ,train
degradees/N4ZK3NTTHQVZ_flou3.png,N4ZK3NTTHQVZ,train
degradees/N4ZK3NTTHQVZ_occlusion1.png,N4ZK3NTTHQVZ,train
degradees/N4ZK3NTTHQVZ_occlusion2.png,N4ZK3NTTHQVZ,train
degradees/N4ZK3NTTHQVZ_occlusion3.png,N4ZK3NTTHQVZ,train
degradees/NZ5XXFEBQVWQ_flou1.png,NZ5XXFEBQVWQ,train
degradees/NZ5XXFEBQVWQ_flou2.png,NZ5XXFEBQVWQ,train
degradees/NZ5XXFEBQVWQ_flou3.png,NZ5XXFEBQVWQ,train
degradees/NZ5XXFEBQVWQ_occlusion1.png,NZ5XXFEBQVWQ,train
degradees/NZ5XXFEBQVWQ_occlusion2.png,NZ5XXFEBQVWQ,train
degradees/NZ5XXFEBQVWQ_occlusion3.png,NZ5XXFEBQVWQ,train
degradees/P563G27CHA3T_flou1.png,P563G27CHA3T,train
degradees/P563G27CHA3T_flou2.png,P563G27CHA3T,train
degradees/P563G27CHA3T_flou3.png,P563G27CHA3T,train
degradees/P563G27CHA3T_occlusion1.png,P563G27CHA3T,train
degradees/P563G27CHA3T_occlusion2.png,P563G27CHA3T,train
degradees/P563G27CHA3T_occlusion3.png,P563G27CHA3T,train
degradees/Q2K5G9UFZRUQ_flou1.png,Q2K5G9UFZRUQ,val
degradees/Q2K5G9UFZRUQ_flou2.png,Q2K5G9UFZRUQ,val
degradees/Q2K5G9UFZRUQ_flou3.png,Q2K5G9UFZRUQ,val
degradees/Q2K5G9UFZRUQ_occlusion1.png,Q2K5G9UFZRUQ,val
degradees/Q2K5G9UFZRUQ_occlusion2.png,Q2K5G9UFZRUQ,val
degradees/Q2K5G9UFZRUQ_occlusion3.png,Q2K5G9UFZRUQ,val
degradees/QQ8WP67NYAE9_flou1.png,QQ8WP67NYAE9,train
degradees/QQ8WP67NYAE9_flou2.png,QQ8WP67NYAE9,train
degradees/QQ8WP67NYAE9_flou3.png,QQ8WP67NYAE9,train
degradees/QQ8WP67NYAE9_occlusion1.png,QQ8WP67NYAE9,train
degradees/QQ8WP67NYAE9_occlusion2.png,QQ8WP67NYAE9,train
degradees/QQ8WP67NYAE9_occlusion3.png,QQ8WP67NYAE9,train
degradees/QXWQJHNVBCEF_flou1.png,QXWQJHNVBCEF,train
degradees/QXWQJHNVBCEF_flou2.png,QXWQJHNVBCEF,train
degradees/QXWQJHNVBCEF_flou3.png,QXWQJHNVBCEF,train
degradees/QXWQJHNVBCEF_occlusion1.png,QXWQJHNVBCEF,train
degradees/QXWQJHNVBCEF_occlusion2.png,QXWQJHNVBCEF,train
degradees/QXWQJHNVBCEF_occlusion3.png,QXWQJHNVBCEF,train
degradees/R2BTMTRDB8K5_flou1.png,R2BTMTRDB8K5,train
degradees/R2BTMTRDB8K5_flou2.png,R2BTMTRDB8K5,train
degradees/R2BTMTRDB8K5_flou3.png,R2BTMTRDB8K5,train
degradees/R2BTMTRDB8K5_occlusion1.png,R2BTMTRDB8K5,train
degradees/R2BTMTRDB8K5_occlusion2.png,R2BTMTRDB8K5,train
degradees/R2BTMTRDB8K5_occlusion3.png,R2BTMTRDB8K5,train
degradees/SEU4AGGCGF9T_flou1.png,SEU4AGGCGF9T,train
degradees/SEU4AGGCGF9T_flou2.png,SEU4AGGCGF9T,train
degradees/SEU4AGGCGF9T_flou3.png,SEU4AGGCGF9T,train
degradees/SEU4AGGCGF9T_occlusion1.png,SEU4AGGCGF9T,train
degradees/SEU4AGGCGF9T_occlusion2.png,SEU4AGGCGF9T,train
degradees/SEU4AGGCGF9T_occlusion3.png,SEU4AGGCGF9T,train
degradees/SGWJ2ZM59SG9_flou1.png,SGWJ2ZM59SG9,train
degradees/SGWJ2ZM59SG9_flou2.png,SGWJ2ZM59SG9,train
degradees/SGWJ2ZM59SG9_flou3.png,SGWJ2ZM59SG9,train
degradees/SGWJ2ZM59SG9_occlusion1.png,SGWJ2ZM59SG9,train
degradees/SGWJ2ZM59SG9_occlusion2.png,SGWJ2ZM59SG9,train
degradees/SGWJ2ZM59SG9_occlusion3.png,SGWJ2ZM59SG9,train
degradees/SRM7GEJZ9WVD_flou1.png,SRM7GEJZ9WVD,test
degradees/SRM7GEJZ9WVD_flou2.png,SRM7GEJZ9WVD,test
degradees/SRM7GEJZ9WVD_flou3.png,SRM7GEJZ9WVD,test
degradees/SRM7GEJZ9WVD_occlusion1.png,SRM7GEJZ9WVD,test
degradees/SRM7GEJZ9WVD_occlusion2.png,SRM7GEJZ9WVD,test
degradees/SRM7GEJZ9WVD_occlusion3.png,SRM7GEJZ9WVD,test
degradees/T8VEWN34PKXQ_flou1.png,T8VEWN34PKXQ,test
degradees/T8VEWN34PKXQ_flou2.png,T8VEWN34PKXQ,test
degradees/T8VEWN34PKXQ_flou3.png,T8VEWN34PKXQ,test
degradees/T8VEWN34PKXQ_occlusion1.png,T8VEWN34PKXQ,test
degradees/T8VEWN34PKXQ_occlusion2.png,T8VEWN34PKXQ,test
degradees/T8VEWN34PKXQ_occlusion3.png,T8VEWN34PKXQ,test
degradees/TCHDUCEHM3UZ_flou1.png,TCHDUCEHM3UZ,test
degradees/TCHDUCEHM3UZ_flou2.png,TCHDUCEHM3UZ,test
degradees/TCHDUCEHM3UZ_flou3.png,TCHDUCEHM3UZ,test
degradees/TCHDUCEHM3UZ_occlusion1.png,TCHDUCEHM3UZ,test
degradees/TCHDUCEHM3UZ_occlusion2.png,TCHDUCEHM3UZ,test
degradees/TCHDUCEHM3UZ_occlusion3.png,TCHDUCEHM3UZ,test
degradees/TWPZYC99YZFU_flou1.png,TWPZYC99YZFU,test
degradees/TWPZYC99YZFU_flou2.png,TWPZYC99YZFU,test
degradees/TWPZYC99YZFU_flou3.png,TWPZYC99YZFU,test
degradees/TWPZYC99YZFU_occlusion1.png,TWPZYC99YZFU,test
degradees/TWPZYC99YZFU_occlusion2.png,TWPZYC99YZFU,test
degradees/TWPZYC99YZFU_occlusion3.png,TWPZYC99YZFU,test
degradees/U5VG3UQUYG39_flou1.png,U5VG3UQUYG39,train
degradees/U5VG3UQUYG39_flou2.png,U5VG3UQUYG39,train
degradees/U5VG3UQUYG39_flou3.png,U5VG3UQUYG39,train
degradees/U5VG3UQUYG39_occlusion1.png,U5VG3UQUYG39,train
degradees/U5VG3UQUYG39_occlusion2.png,U5VG3UQUYG39,train
degradees/U5VG3UQUYG39_occlusion3.png,U5VG3UQUYG39,train
degradees/V6UZCQZJ8J9D_flou1.png,V6UZCQZJ8J9D,train
degradees/V6UZCQZJ8J9D_flou2.png,V6UZCQZJ8J9D,train
degradees/V6UZCQZJ8J9D_flou3.png,V6UZCQZJ8J9D,train
degradees/V6UZCQZJ8J9D_occlusion1.png,V6UZCQZJ8J9D,train
degradees/V6UZCQZJ8J9D_occlusion2.png,V6UZCQZJ8J9D,train
degradees/V6UZCQZJ8J9D_occlusion3.png,V6UZCQZJ8J9D,train
degradees/VGJZTGF24JT8_flou1.png,VGJZTGF24JT8,val
degradees/VGJZTGF24JT8_flou2.png,VGJZTGF24JT8,val
degradees/VGJZTGF24JT8_flou3.png,VGJZTGF24JT8,val
degradees/VGJZTGF24JT8_occlusion1.png,VGJZTGF24JT8,val
degradees/VGJZTGF24JT8_occlusion2.png,VGJZTGF24JT8,val
degradees/VGJZTGF24JT8_occlusion3.png,VGJZTGF24JT8,val
degradees/WANUJWZPKFSZ_flou1.png,WANUJWZPKFSZ,val
degradees/WANUJWZPKFSZ_flou2.png,WANUJWZPKFSZ,val
degradees/WANUJWZPKFSZ_flou3.png,WANUJWZPKFSZ,val
degradees/WANUJWZPKFSZ_occlusion1.png,WANUJWZPKFSZ,val
degradees/WANUJWZPKFSZ_occlusion2.png,WANUJWZPKFSZ,val
degradees/WANUJWZPKFSZ_occlusion3.png,WANUJWZPKFSZ,val
degradees/WGWDQBDB3S4B_flou1.png,WGWDQBDB3S4B,train
degradees/WGWDQBDB3S4B_flou2.png,WGWDQBDB3S4B,train
degradees/WGWDQBDB3S4B_flou3.png,WGWDQBDB3S4B,train
degradees/WGWDQBDB3S4B_occlusion1.png,WGWDQBDB3S4B,train
degradees/WGWDQBDB3S4B_occlusion2.png,WGWDQBDB3S4B,train
degradees/WGWDQBDB3S4B_occlusion3.png,WGWDQBDB3S4B,train
degradees/X42GVSWJMYTF_flou1.png,X42GVSWJMYTF,train
degradees/X42GVSWJMYTF_flou2.png,X42GVSWJMYTF,train
degradees/X42GVSWJMYTF_flou3.png,X42GVSWJMYTF,train
degradees/X42GVSWJMYTF_occlusion1.png,X42GVSWJMYTF,train
degradees/X42GVSWJMYTF_occlusion2.png,X42GVSWJMYTF,train
degradees/X42GVSWJMYTF_occlusion3.png,X42GVSWJMYTF,train
degradees/X5XH6MC35VU6_flou1.png,X5XH6MC35VU6,train
degradees/X5XH6MC35VU6_flou2.png,X5XH6MC35VU6,train
degradees/X5XH6MC35VU6_flou3.png,X5XH6MC35VU6,train
degradees/X5XH6MC35VU6_occlusion1.png,X5XH6MC35VU6,train
degradees/X5XH6MC35VU6_occlusion2.png,X5XH6MC35VU6,train
degradees/X5XH6MC35VU6_occlusion3.png,X5XH6MC35VU6,train
degradees/X8N7AP8MGDA5_flou1.png,X8N7AP8MGDA5,val
degradees/X8N7AP8MGDA5_flou2.png,X8N7AP8MGDA5,val
degradees/X8N7AP8MGDA5_flou3.png,X8N7AP8MGDA5,val
degradees/X8N7AP8MGDA5_occlusion1.png,X8N7AP8MGDA5,val
degradees/X8N7AP8MGDA5_occlusion2.png,X8N7AP8MGDA5,val
degradees/X8N7AP8MGDA5_occlusion3.png,X8N7AP8MGDA5,val
degradees/XAD8P577VQYB_flou1.png,XAD8P577VQYB,train
degradees/XAD8P577VQYB_flou2.png,XAD8P577VQYB,train
degradees/XAD8P577VQYB_flou3.png,XAD8P577VQYB,train
degradees/XAD8P577VQYB_occlusion1.png,XAD8P577VQYB,train
degradees/XAD8P577VQYB_occlusion2.png,XAD8P577VQYB,train
degradees/XAD8P577VQYB_occlusion3.png,XAD8P577VQYB,train
degradees/XZZPNRVGURYZ_flou1.png,XZZPNRVGURYZ,val
degradees/XZZPNRVGURYZ_flou2.png,XZZPNRVGURYZ,val
degradees/XZZPNRVGURYZ_flou3.png,XZZPNRVGURYZ,val
degradees/XZZPNRVGURYZ_occlusion1.png,XZZPNRVGURYZ,val
degradees/XZZPNRVGURYZ_occlusion2.png,XZZPNRVGURYZ,val
degradees/XZZPNRVGURYZ_occlusion3.png,XZZPNRVGURYZ,val
degradees/YEU3QGNJZNU2_flou1.png,YEU3QGNJZNU2,train
degradees/YEU3QGNJZNU2_flou2.png,YEU3QGNJZNU2,train
degradees/YEU3QGNJZNU2_flou3.png,YEU3QGNJZNU2,train
degradees/YEU3QGNJZNU2_occlusion1.png,YEU3QGNJZNU2,train
degradees/YEU3QGNJZNU2_occlusion2.png,YEU3QGNJZNU2,train
degradees/YEU3QGNJZNU2_occlusion3.png,YEU3QGNJZNU2,train
degradees/YFMPEXF37RB5_flou1.png,YFMPEXF37RB5,val
degradees/YFMPEXF37RB5_flou2.png,YFMPEXF37RB5,val
degradees/YFMPEXF37RB5_flou3.png,YFMPEXF37RB5,val
degradees/YFMPEXF37RB5_occlusion1.png,YFMPEXF37RB5,val
degradees/YFMPEXF37RB5_occlusion2.png,YFMPEXF37RB5,val
degradees/YFMPEXF37RB5_occlusion3.png,YFMPEXF37RB5,val
degradees/YNXJ5BVB54E6_flou1.png,YNXJ5BVB54E6,val
degradees/YNXJ5BVB54E6_flou2.png,YNXJ5BVB54E6,val
degradees/YNXJ5BVB54E6_flou3.png,YNXJ5BVB54E6,val
degradees/YNXJ5BVB54E6_occlusion1.png,YNXJ5BVB54E6,val
degradees/YNXJ5BVB54E6_occlusion2.png,YNXJ5BVB54E6,val
degradees/YNXJ5BVB54E6_occlusion3.png,YNXJ5BVB54E6,val
degradees/Z8M8BY6DAC87_flou1.png,Z8M8BY6DAC87,train
degradees/Z8M8BY6DAC87_flou2.png,Z8M8BY6DAC87,train
degradees/Z8M8BY6DAC87_flou3.png,Z8M8BY6DAC87,train
degradees/Z8M8BY6DAC87_occlusion1.png,Z8M8BY6DAC87,train
degradees/Z8M8BY6DAC87_occlusion2.png,Z8M8BY6DAC87,train
degradees/Z8M8BY6DAC87_occlusion3.png,Z8M8BY6DAC87,train
degradees/ZA2Y3GYAE4CP_flou1.png,ZA2Y3GYAE4CP,train
degradees/ZA2Y3GYAE4CP_flou2.png,ZA2Y3GYAE4CP,train
degradees/ZA2Y3GYAE4CP_flou3.png,ZA2Y3GYAE4CP,train
degradees/ZA2Y3GYAE4CP_occlusion1.png,ZA2Y3GYAE4CP,train
degradees/ZA2Y3GYAE4CP_occlusion2.png,ZA2Y3GYAE4CP,train
degradees/ZA2Y3GYAE4CP_occlusion3.png,ZA2Y3GYAE4CP,train
degradees/ZCSR2B2WDEXS_flou1.png,ZCSR2B2WDEXS,train
degradees/ZCSR2B2WDEXS_flou2.png,ZCSR2B2WDEXS,train
degradees/ZCSR2B2WDEXS_flou3.png,ZCSR2B2WDEXS,train
degradees/ZCSR2B2WDEXS_occlusion1.png,ZCSR2B2WDEXS,train
degradees/ZCSR2B2WDEXS_occlusion2.png,ZCSR2B2WDEXS,train
degradees/ZCSR2B2WDEXS_occlusion3.png,ZCSR2B2WDEXS,train
degradees/ZX9TNQM4FMJA_flou1.png,ZX9TNQM4FMJA,train
degradees/ZX9TNQM4FMJA_flou2.png,ZX9TNQM4FMJA,train
degradees/ZX9TNQM4FMJA_flou3.png,ZX9TNQM4FMJA,train
degradees/ZX9TNQM4FMJA_occlusion1.png,ZX9TNQM4FMJA,train
degradees/ZX9TNQM4FMJA_occlusion2.png,ZX9TNQM4FMJA,train
degradees/ZX9TNQM4FMJA_occlusion3.png,ZX9TNQM4FMJA,train
