epoch,time,train/box_loss,train/cls_loss,train/dfl_loss,metrics/precision(B),metrics/recall(B),metrics/mAP50(B),metrics/mAP50-95(B),val/box_loss,val/cls_loss,val/dfl_loss,lr/pg0,lr/pg1,lr/pg2
1,13.4615,0.58617,1.65174,0.91213,1,0.99951,0.995,0.94027,0.35508,1.9598,0.85967,0.000645161,0.000645161,0.000645161
2,22.9921,0.37715,0.81383,0.84631,0.99923,1,0.995,0.95622,0.30643,1.0914,0.85386,0.00128585,0.00128585,0.00128585
3,32.1718,0.41862,0.75477,0.84359,0.97061,1,0.995,0.9335,0.39049,0.87322,0.88342,0.00190015,0.00190015,0.00190015
4,39.9198,0.39295,0.69293,0.84636,0.99934,1,0.995,0.94423,0.32293,0.67619,0.85688,0.0018812,0.0018812,0.0018812
5,49.8186,0.34405,0.5844,0.82803,0.99941,1,0.995,0.95223,0.29652,0.54019,0.85506,0.0018416,0.0018416,0.0018416
6,59.1017,0.3188,0.49311,0.82812,0.9992,1,0.995,0.97493,0.29469,0.46966,0.84994,0.001802,0.001802,0.001802
7,67.0791,0.33659,0.45176,0.82821,0.99949,1,0.995,0.96832,0.25129,0.40587,0.83796,0.0017624,0.0017624,0.0017624
8,75.8339,0.31422,0.42336,0.8287,0.99948,1,0.995,0.97731,0.22445,0.41707,0.83513,0.0017228,0.0017228,0.0017228
9,85.0978,0.28879,0.38253,0.82814,0.99949,1,0.995,0.98736,0.20056,0.32376,0.83697,0.0016832,0.0016832,0.0016832
10,93.6237,0.26491,0.35417,0.82776,0.99949,1,0.995,0.98441,0.17685,0.26363,0.83038,0.0016436,0.0016436,0.0016436
11,102.709,0.2641,0.3414,0.82436,0.99945,1,0.995,0.9834,0.23095,0.28907,0.84183,0.001604,0.001604,0.001604
12,111.115,0.2559,0.32205,0.81726,0.99946,1,0.995,0.995,0.16845,0.25752,0.83077,0.0015644,0.0015644,0.0015644
13,119.808,0.24912,0.30805,0.81716,0.99943,1,0.995,0.98681,0.174,0.25248,0.83015,0.0015248,0.0015248,0.0015248
14,129.132,0.24038,0.29934,0.81968,0.99949,1,0.995,0.995,0.17063,0.23271,0.82818,0.0014852,0.0014852,0.0014852
15,137.587,0.23643,0.28949,0.81254,0.99949,1,0.995,0.995,0.15874,0.20057,0.82704,0.0014456,0.0014456,0.0014456
16,146.517,0.24412,0.28364,0.81626,0.9995,1,0.995,0.995,0.16872,0.19264,0.82999,0.001406,0.001406,0.001406
17,155.758,0.23396,0.27524,0.81957,0.99948,1,0.995,0.99395,0.1766,0.25433,0.83079,0.0013664,0.0013664,0.0013664
18,163.866,0.23527,0.27135,0.82147,0.99948,1,0.995,0.995,0.17322,0.18697,0.83194,0.0013268,0.0013268,0.0013268
19,172.845,0.2236,0.26621,0.81717,0.99949,1,0.995,0.995,0.14335,0.18945,0.83013,0.0012872,0.0012872,0.0012872
20,181.987,0.22062,0.26276,0.82311,0.99945,1,0.995,0.994,0.16172,0.19907,0.83205,0.0012476,0.0012476,0.0012476
21,190.105,0.21759,0.25116,0.82192,0.9995,1,0.995,0.99499,0.11491,0.15755,0.82698,0.001208,0.001208,0.001208
22,199.334,0.22109,0.24346,0.81566,0.9995,1,0.995,0.995,0.13265,0.14322,0.82725,0.0011684,0.0011684,0.0011684
23,208.424,0.21096,0.2301,0.8074,0.99947,1,0.995,0.995,0.12527,0.14533,0.82555,0.0011288,0.0011288,0.0011288
24,216.472,0.19646,0.21966,0.81309,0.9995,1,0.995,0.995,0.13954,0.14379,0.82898,0.0010892,0.0010892,0.0010892
25,225.731,0.18143,0.21254,0.8053,0.99949,1,0.995,0.995,0.10336,0.13441,0.82369,0.0010496,0.0010496,0.0010496
26,234.994,0.18401,0.20868,0.81419,0.99949,1,0.995,0.995,0.13506,0.1457,0.82608,0.00101,0.00101,0.00101
27,243.27,0.18078,0.2104,0.80798,0.99949,1,0.995,0.995,0.0977,0.1298,0.82161,0.0009704,0.0009704,0.0009704
28,252.286,0.17403,0.20398,0.80775,0.9995,1,0.995,0.995,0.13189,0.13188,0.82563,0.0009308,0.0009308,0.0009308
29,261.538,0.17664,0.203,0.80434,0.99949,1,0.995,0.995,0.11355,0.13843,0.82272,0.0008912,0.0008912,0.0008912
30,269.355,0.16296,0.19674,0.8082,0.99951,1,0.995,0.995,0.11491,0.13858,0.82455,0.0008516,0.0008516,0.0008516
31,278.742,0.16104,0.20037,0.81578,0.9995,1,0.995,0.995,0.08555,0.12716,0.82353,0.000812,0.000812,0.000812
32,287.138,0.16129,0.19132,0.81036,0.99951,1,0.995,0.995,0.10827,0.11568,0.82169,0.0007724,0.0007724,0.0007724
33,295.695,0.15577,0.18168,0.80515,0.99951,1,0.995,0.995,0.11367,0.13351,0.8227,0.0007328,0.0007328,0.0007328
34,305.062,0.15812,0.18457,0.80547,0.99949,1,0.995,0.995,0.12277,0.13086,0.82539,0.0006932,0.0006932,0.0006932
35,313.459,0.15276,0.1821,0.80737,0.99951,1,0.995,0.995,0.09138,0.10868,0.82201,0.0006536,0.0006536,0.0006536
36,322.07,0.15389,0.17637,0.81287,0.9995,1,0.995,0.995,0.09978,0.11992,0.82236,0.000614,0.000614,0.000614
37,331.201,0.14931,0.18131,0.81277,0.99949,1,0.995,0.995,0.09951,0.1064,0.82152,0.0005744,0.0005744,0.0005744
38,339.636,0.14174,0.17248,0.8091,0.99949,1,0.995,0.995,0.10212,0.10268,0.82218,0.0005348,0.0005348,0.0005348
39,348.624,0.13938,0.16803,0.80165,0.9995,1,0.995,0.995,0.09042,0.11079,0.8198,0.0004952,0.0004952,0.0004952
40,357.751,0.13516,0.16037,0.80459,0.9995,1,0.995,0.995,0.09314,0.11073,0.82031,0.0004556,0.0004556,0.0004556
41,369.104,0.11255,0.14199,0.77051,0.99951,1,0.995,0.99494,0.11148,0.11389,0.82112,0.000416,0.000416,0.000416
42,376.753,0.1182,0.14,0.77369,0.99949,1,0.995,0.995,0.08552,0.12008,0.82084,0.0003764,0.0003764,0.0003764
43,385.564,0.1187,0.14569,0.75727,0.99941,1,0.995,0.995,0.09812,0.16697,0.82313,0.0003368,0.0003368,0.0003368
44,393.625,0.10944,0.13563,0.76229,0.9995,1,0.995,0.995,0.08065,0.09415,0.81941,0.0002972,0.0002972,0.0002972
45,402.31,0.10199,0.12391,0.75943,0.9995,1,0.995,0.995,0.08016,0.09155,0.81901,0.0002576,0.0002576,0.0002576
46,411.038,0.09738,0.12315,0.76178,0.9995,1,0.995,0.995,0.06735,0.08773,0.81972,0.000218,0.000218,0.000218
47,418.598,0.09109,0.11634,0.77057,0.99951,1,0.995,0.995,0.0736,0.08984,0.82089,0.0001784,0.0001784,0.0001784
48,427.516,0.08928,0.11265,0.76354,0.99951,1,0.995,0.995,0.07545,0.08996,0.82078,0.0001388,0.0001388,0.0001388
49,436.024,0.084,0.10699,0.76241,0.99951,1,0.995,0.995,0.06823,0.08649,0.82032,9.92e-05,9.92e-05,9.92e-05
50,443.78,0.08165,0.10384,0.77132,0.99951,1,0.995,0.995,0.06234,0.08055,0.82036,5.96e-05,5.96e-05,5.96e-05
